-- phpMyAdmin SQL Dump
-- version 5.2.1
-- https://www.phpmyadmin.net/
--
-- Host: 127.0.0.1
-- Waktu pembuatan: 29 Jan 2026 pada 08.43
-- Versi server: 10.4.32-MariaDB
-- Versi PHP: 8.4.4

SET SQL_MODE = "NO_AUTO_VALUE_ON_ZERO";
START TRANSACTION;
SET time_zone = "+00:00";


/*!40101 SET @OLD_CHARACTER_SET_CLIENT=@@CHARACTER_SET_CLIENT */;
/*!40101 SET @OLD_CHARACTER_SET_RESULTS=@@CHARACTER_SET_RESULTS */;
/*!40101 SET @OLD_COLLATION_CONNECTION=@@COLLATION_CONNECTION */;
/*!40101 SET NAMES utf8mb4 */;

--
-- Database: `epresensi`
--

-- --------------------------------------------------------

--
-- Struktur dari tabel `cache`
--

CREATE TABLE `cache` (
  `key` varchar(255) NOT NULL,
  `value` mediumtext NOT NULL,
  `expiration` int(11) NOT NULL
) ENGINE=InnoDB DEFAULT CHARSET=utf8mb4 COLLATE=utf8mb4_unicode_ci;

--
-- Dumping data untuk tabel `cache`
--

INSERT INTO `cache` (`key`, `value`, `expiration`) VALUES
('laravel-cache-fe5dbbcea5ce7e2988b8c69bcfdfde8904aabc1f', 'i:2;', 1769673926),
('laravel-cache-fe5dbbcea5ce7e2988b8c69bcfdfde8904aabc1f:timer', 'i:1769673926;', 1769673926);

-- --------------------------------------------------------

--
-- Struktur dari tabel `cache_locks`
--

CREATE TABLE `cache_locks` (
  `key` varchar(255) NOT NULL,
  `owner` varchar(255) NOT NULL,
  `expiration` int(11) NOT NULL
) ENGINE=InnoDB DEFAULT CHARSET=utf8mb4 COLLATE=utf8mb4_unicode_ci;

-- --------------------------------------------------------

--
-- Struktur dari tabel `failed_jobs`
--

CREATE TABLE `failed_jobs` (
  `id` bigint(20) UNSIGNED NOT NULL,
  `uuid` varchar(255) NOT NULL,
  `connection` text NOT NULL,
  `queue` text NOT NULL,
  `payload` longtext NOT NULL,
  `exception` longtext NOT NULL,
  `failed_at` timestamp NOT NULL DEFAULT current_timestamp()
) ENGINE=InnoDB DEFAULT CHARSET=utf8mb4 COLLATE=utf8mb4_unicode_ci;

-- --------------------------------------------------------

--
-- Struktur dari tabel `jabatans`
--

CREATE TABLE `jabatans` (
  `id` bigint(20) UNSIGNED NOT NULL,
  `nama_jabatan` varchar(255) NOT NULL,
  `created_at` timestamp NULL DEFAULT NULL,
  `updated_at` timestamp NULL DEFAULT NULL
) ENGINE=InnoDB DEFAULT CHARSET=utf8mb4 COLLATE=utf8mb4_unicode_ci;

--
-- Dumping data untuk tabel `jabatans`
--

INSERT INTO `jabatans` (`id`, `nama_jabatan`, `created_at`, `updated_at`) VALUES
(1, 'Direktur', '2026-01-21 01:27:12', '2026-01-21 01:27:12'),
(2, 'Kepala Instalasi Rawat Jalan, VK, & OK', '2026-01-21 01:27:12', '2026-01-21 01:27:12'),
(3, 'Manajer Pelayanan Medis', '2026-01-21 01:27:12', '2026-01-21 01:27:12'),
(4, 'Kepala Instalasi Rawat Inap & IGD', '2026-01-21 01:27:12', '2026-01-21 01:27:12'),
(5, 'Kepala Bidang Keperawatan', '2026-01-21 01:27:12', '2026-01-21 01:27:12'),
(6, 'Manajer Umum & SDM', '2026-01-21 01:27:12', '2026-01-21 01:27:12'),
(7, 'Manajer Penunjang Medis', '2026-01-21 01:27:12', '2026-01-21 01:27:12'),
(8, 'Manajer Keuangan', '2026-01-21 01:27:12', '2026-01-21 01:27:12'),
(9, 'Staff Dokter Umum', '2026-01-21 01:27:12', '2026-01-21 01:27:12'),
(10, 'Dokter Casemix', '2026-01-21 01:27:12', '2026-01-21 01:27:12'),
(11, 'Dokter Sp. Anestesi', '2026-01-21 01:27:12', '2026-01-21 01:27:12'),
(12, 'Dokter Sp. OG', '2026-01-21 01:27:12', '2026-01-21 01:27:12'),
(13, 'Dokter Sp. Penyakit Dalam', '2026-01-21 01:27:12', '2026-01-21 01:27:12'),
(14, 'Dokter Sp. Saraf', '2026-01-21 01:27:12', '2026-01-21 01:27:12'),
(15, 'Dokter Sp. Paru', '2026-01-21 01:27:12', '2026-01-21 01:27:12'),
(16, 'Dokter Sp. Jantung', '2026-01-21 01:27:12', '2026-01-21 01:27:12'),
(17, 'Dokter Sp. Orthopedi', '2026-01-21 01:27:12', '2026-01-21 01:27:12'),
(18, 'Dokter Sp. Anak', '2026-01-21 01:27:12', '2026-01-21 01:27:12'),
(19, 'Dokter Sp. Kulit Kelamin', '2026-01-21 01:27:12', '2026-01-21 01:27:12'),
(20, 'Dokter Sp. Urologi', '2026-01-21 01:27:12', '2026-01-21 01:27:12'),
(21, 'Dokter Sp. THT-KL', '2026-01-21 01:27:12', '2026-01-21 01:27:12'),
(22, 'Dokter Sp. Mata', '2026-01-21 01:27:12', '2026-01-21 01:27:12'),
(23, 'Dokter Sp. Bedah Umum', '2026-01-21 01:27:12', '2026-01-21 01:27:12'),
(24, 'Koordinator IGD', '2026-01-21 01:27:12', '2026-01-21 01:27:12'),
(25, 'Koordinator HCU', '2026-01-21 01:27:12', '2026-01-21 01:27:12'),
(26, 'Koordinator Rawat Jalan', '2026-01-21 01:27:12', '2026-01-21 01:27:12'),
(27, 'Koordinator Kamar Bersalin', '2026-01-21 01:27:12', '2026-01-21 01:27:12'),
(28, 'Koordinator Kamar Operasi', '2026-01-21 01:27:12', '2026-01-21 01:27:12'),
(29, 'Koordinator Laboratorium', '2026-01-21 01:27:12', '2026-01-21 01:27:12'),
(30, 'Koordinator Radiologi', '2026-01-21 01:27:12', '2026-01-21 01:27:12'),
(31, 'Koordinator Rekam Medis', '2026-01-21 01:27:12', '2026-01-21 01:27:12'),
(32, 'Koordinator Farmasi', '2026-01-21 01:27:12', '2026-01-21 01:27:12'),
(33, 'Koordinator Gizi', '2026-01-21 01:27:12', '2026-01-21 01:27:12'),
(34, 'Koordinator Kasir', '2026-01-21 01:27:12', '2026-01-21 01:27:12'),
(35, 'Penanggung Jawab IT', '2026-01-21 01:27:12', '2026-01-21 01:27:12'),
(36, 'Penanggung Jawab CSSD', '2026-01-21 01:27:12', '2026-01-21 01:27:12'),
(37, 'Staff Perawat', '2026-01-21 01:27:12', '2026-01-21 01:27:12'),
(38, 'Staff Bidan', '2026-01-21 01:27:12', '2026-01-21 01:27:12'),
(39, 'Staff Analis', '2026-01-21 01:27:12', '2026-01-21 01:27:12'),
(40, 'Staff Radiologi', '2026-01-21 01:27:12', '2026-01-21 01:27:12'),
(41, 'Staff Rakam Medis', '2026-01-21 01:27:12', '2026-01-21 01:27:12'),
(42, 'Apoteker Pendamping', '2026-01-21 01:27:12', '2026-01-21 01:27:12'),
(43, 'Asisten Apoteker / TTK', '2026-01-21 01:27:12', '2026-01-21 01:27:12'),
(44, 'Staff Teknik Elektromedik', '2026-01-21 01:27:12', '2026-01-21 01:27:12'),
(45, 'Staff Marketing', '2026-01-21 01:27:12', '2026-01-21 01:27:12'),
(46, 'Staff Driver Ambulance', '2026-01-21 01:27:12', '2026-01-21 01:27:12'),
(47, 'Staff Casemix', '2026-01-21 01:27:12', '2026-01-21 01:27:12'),
(48, 'Staff Transporter', '2026-01-21 01:27:12', '2026-01-21 01:27:12'),
(49, 'Staff Loundry', '2026-01-21 01:27:12', '2026-01-21 01:27:12'),
(50, 'Staff Pramusaji', '2026-01-21 01:27:12', '2026-01-21 01:27:12'),
(51, 'Staff Teknisi Umum', '2026-01-21 01:27:12', '2026-01-21 01:27:12'),
(52, 'Staff Admin', '2026-01-21 01:27:12', '2026-01-21 01:27:12');

-- --------------------------------------------------------

--
-- Struktur dari tabel `jadwals`
--

CREATE TABLE `jadwals` (
  `id` bigint(20) UNSIGNED NOT NULL,
  `user_id` bigint(20) UNSIGNED NOT NULL,
  `shift_id` bigint(20) UNSIGNED NOT NULL,
  `tanggal` date NOT NULL,
  `keterangan` varchar(255) DEFAULT NULL,
  `created_at` timestamp NULL DEFAULT NULL,
  `updated_at` timestamp NULL DEFAULT NULL
) ENGINE=InnoDB DEFAULT CHARSET=utf8mb4 COLLATE=utf8mb4_unicode_ci;

--
-- Dumping data untuk tabel `jadwals`
--

INSERT INTO `jadwals` (`id`, `user_id`, `shift_id`, `tanggal`, `keterangan`, `created_at`, `updated_at`) VALUES
(1, 2, 1, '2026-01-24', 'Generated by Seeder', '2026-01-24 06:25:51', '2026-01-25 03:29:53'),
(3, 4, 2, '2026-01-24', 'Generated by Seeder', '2026-01-24 06:40:07', '2026-01-25 03:29:53'),
(5, 2, 1, '2026-01-01', 'Generated by Seeder', '2026-01-24 06:45:05', '2026-01-25 03:29:53'),
(6, 4, 6, '2026-01-01', 'Generated by Seeder', '2026-01-24 06:45:15', '2026-01-25 03:29:53'),
(7, 3, 1, '2026-01-01', 'Generated by Seeder', '2026-01-24 07:35:05', '2026-01-25 03:29:53'),
(8, 3, 3, '2026-01-24', 'Generated by Seeder', '2026-01-24 07:35:17', '2026-01-25 03:29:53'),
(9, 2, 3, '2026-01-23', 'Generated by Seeder', '2026-01-24 08:29:37', '2026-01-25 03:29:53'),
(10, 2, 6, '2026-01-25', NULL, '2026-01-24 08:29:44', '2026-01-25 06:27:22'),
(11, 5, 3, '2026-01-01', 'Generated by Seeder', '2026-01-25 03:29:53', '2026-01-25 03:29:53'),
(12, 2, 3, '2026-01-02', 'Generated by Seeder', '2026-01-25 03:29:53', '2026-01-25 03:29:53'),
(13, 3, 2, '2026-01-02', 'Generated by Seeder', '2026-01-25 03:29:53', '2026-01-25 03:29:53'),
(14, 4, 2, '2026-01-02', 'Generated by Seeder', '2026-01-25 03:29:53', '2026-01-25 03:29:53'),
(15, 5, 6, '2026-01-02', 'Generated by Seeder', '2026-01-25 03:29:53', '2026-01-25 03:29:53'),
(16, 2, 2, '2026-01-03', 'Generated by Seeder', '2026-01-25 03:29:53', '2026-01-25 03:29:53'),
(18, 4, 6, '2026-01-03', 'Generated by Seeder', '2026-01-25 03:29:53', '2026-01-25 03:29:53'),
(19, 5, 2, '2026-01-03', 'Generated by Seeder', '2026-01-25 03:29:53', '2026-01-25 03:29:53'),
(20, 2, 2, '2026-01-04', 'Generated by Seeder', '2026-01-25 03:29:53', '2026-01-25 03:29:53'),
(21, 3, 3, '2026-01-04', 'Generated by Seeder', '2026-01-25 03:29:53', '2026-01-25 03:29:53'),
(22, 4, 3, '2026-01-04', 'Generated by Seeder', '2026-01-25 03:29:53', '2026-01-25 03:29:53'),
(23, 5, 2, '2026-01-04', 'Generated by Seeder', '2026-01-25 03:29:53', '2026-01-25 03:29:53'),
(24, 2, 1, '2026-01-05', 'Generated by Seeder', '2026-01-25 03:29:53', '2026-01-25 03:29:53'),
(25, 3, 2, '2026-01-05', 'Generated by Seeder', '2026-01-25 03:29:53', '2026-01-25 03:29:53'),
(26, 4, 6, '2026-01-05', 'Generated by Seeder', '2026-01-25 03:29:53', '2026-01-25 03:29:53'),
(27, 5, 1, '2026-01-05', 'Generated by Seeder', '2026-01-25 03:29:53', '2026-01-25 03:29:53'),
(28, 2, 3, '2026-01-06', 'Generated by Seeder', '2026-01-25 03:29:53', '2026-01-25 03:29:53'),
(29, 3, 6, '2026-01-06', 'Generated by Seeder', '2026-01-25 03:29:53', '2026-01-25 03:29:53'),
(30, 4, 6, '2026-01-06', 'Generated by Seeder', '2026-01-25 03:29:53', '2026-01-25 03:29:53'),
(31, 5, 3, '2026-01-06', 'Generated by Seeder', '2026-01-25 03:29:53', '2026-01-25 03:29:53'),
(32, 2, 1, '2026-01-07', 'Generated by Seeder', '2026-01-25 03:29:53', '2026-01-25 03:29:53'),
(33, 3, 3, '2026-01-07', 'Generated by Seeder', '2026-01-25 03:29:53', '2026-01-25 03:29:53'),
(34, 4, 2, '2026-01-07', 'Generated by Seeder', '2026-01-25 03:29:53', '2026-01-25 03:29:53'),
(35, 5, 1, '2026-01-07', 'Generated by Seeder', '2026-01-25 03:29:53', '2026-01-25 03:29:53'),
(36, 2, 6, '2026-01-08', 'Generated by Seeder', '2026-01-25 03:29:53', '2026-01-25 03:29:53'),
(37, 3, 1, '2026-01-08', 'Generated by Seeder', '2026-01-25 03:29:53', '2026-01-25 03:29:53'),
(38, 4, 2, '2026-01-08', 'Generated by Seeder', '2026-01-25 03:29:53', '2026-01-25 03:29:53'),
(39, 5, 2, '2026-01-08', 'Generated by Seeder', '2026-01-25 03:29:53', '2026-01-25 03:29:53'),
(40, 2, 2, '2026-01-09', 'Generated by Seeder', '2026-01-25 03:29:53', '2026-01-25 03:29:53'),
(41, 3, 2, '2026-01-09', 'Generated by Seeder', '2026-01-25 03:29:53', '2026-01-25 03:29:53'),
(42, 4, 3, '2026-01-09', 'Generated by Seeder', '2026-01-25 03:29:53', '2026-01-25 03:29:53'),
(43, 5, 3, '2026-01-09', 'Generated by Seeder', '2026-01-25 03:29:53', '2026-01-25 03:29:53'),
(44, 2, 3, '2026-01-10', 'Generated by Seeder', '2026-01-25 03:29:53', '2026-01-25 03:29:53'),
(45, 3, 1, '2026-01-10', 'Generated by Seeder', '2026-01-25 03:29:53', '2026-01-25 03:29:53'),
(46, 4, 2, '2026-01-10', 'Generated by Seeder', '2026-01-25 03:29:53', '2026-01-25 03:29:53'),
(47, 5, 3, '2026-01-10', 'Generated by Seeder', '2026-01-25 03:29:53', '2026-01-25 03:29:53'),
(48, 2, 6, '2026-01-11', 'Generated by Seeder', '2026-01-25 03:29:53', '2026-01-25 03:29:53'),
(49, 3, 2, '2026-01-11', 'Generated by Seeder', '2026-01-25 03:29:53', '2026-01-25 03:29:53'),
(50, 4, 1, '2026-01-11', 'Generated by Seeder', '2026-01-25 03:29:53', '2026-01-25 03:29:53'),
(51, 5, 2, '2026-01-11', 'Generated by Seeder', '2026-01-25 03:29:53', '2026-01-25 03:29:53'),
(52, 2, 3, '2026-01-12', 'Generated by Seeder', '2026-01-25 03:29:53', '2026-01-25 03:29:53'),
(53, 3, 6, '2026-01-12', 'Generated by Seeder', '2026-01-25 03:29:53', '2026-01-25 03:29:53'),
(54, 4, 2, '2026-01-12', 'Generated by Seeder', '2026-01-25 03:29:53', '2026-01-25 03:29:53'),
(55, 5, 6, '2026-01-12', 'Generated by Seeder', '2026-01-25 03:29:53', '2026-01-25 03:29:53'),
(56, 2, 1, '2026-01-13', 'Generated by Seeder', '2026-01-25 03:29:53', '2026-01-25 03:29:53'),
(57, 3, 2, '2026-01-13', 'Generated by Seeder', '2026-01-25 03:29:53', '2026-01-25 03:29:53'),
(58, 4, 6, '2026-01-13', 'Generated by Seeder', '2026-01-25 03:29:53', '2026-01-25 03:29:53'),
(59, 5, 3, '2026-01-13', 'Generated by Seeder', '2026-01-25 03:29:53', '2026-01-25 03:29:53'),
(60, 2, 2, '2026-01-14', 'Generated by Seeder', '2026-01-25 03:29:53', '2026-01-25 03:29:53'),
(61, 3, 2, '2026-01-14', 'Generated by Seeder', '2026-01-25 03:29:53', '2026-01-25 03:29:53'),
(62, 4, 3, '2026-01-14', 'Generated by Seeder', '2026-01-25 03:29:53', '2026-01-25 03:29:53'),
(63, 5, 6, '2026-01-14', 'Generated by Seeder', '2026-01-25 03:29:53', '2026-01-25 03:29:53'),
(64, 2, 6, '2026-01-15', 'Generated by Seeder', '2026-01-25 03:29:53', '2026-01-25 03:29:53'),
(65, 3, 2, '2026-01-15', 'Generated by Seeder', '2026-01-25 03:29:53', '2026-01-25 03:29:53'),
(66, 4, 2, '2026-01-15', 'Generated by Seeder', '2026-01-25 03:29:53', '2026-01-25 03:29:53'),
(67, 5, 2, '2026-01-15', 'Generated by Seeder', '2026-01-25 03:29:53', '2026-01-25 03:29:53'),
(68, 2, 2, '2026-01-16', 'Generated by Seeder', '2026-01-25 03:29:53', '2026-01-25 03:29:53'),
(69, 3, 6, '2026-01-16', 'Generated by Seeder', '2026-01-25 03:29:53', '2026-01-25 03:29:53'),
(70, 4, 1, '2026-01-16', 'Generated by Seeder', '2026-01-25 03:29:53', '2026-01-25 03:29:53'),
(71, 5, 6, '2026-01-16', 'Generated by Seeder', '2026-01-25 03:29:53', '2026-01-25 03:29:53'),
(72, 2, 1, '2026-01-17', 'Generated by Seeder', '2026-01-25 03:29:53', '2026-01-25 03:29:53'),
(73, 3, 3, '2026-01-17', 'Generated by Seeder', '2026-01-25 03:29:53', '2026-01-25 03:29:53'),
(74, 4, 6, '2026-01-17', 'Generated by Seeder', '2026-01-25 03:29:53', '2026-01-25 03:29:53'),
(75, 5, 1, '2026-01-17', 'Generated by Seeder', '2026-01-25 03:29:53', '2026-01-25 03:29:53'),
(76, 2, 1, '2026-01-18', 'Generated by Seeder', '2026-01-25 03:29:53', '2026-01-25 03:29:53'),
(77, 3, 1, '2026-01-18', 'Generated by Seeder', '2026-01-25 03:29:53', '2026-01-25 03:29:53'),
(78, 4, 2, '2026-01-18', 'Generated by Seeder', '2026-01-25 03:29:53', '2026-01-25 03:29:53'),
(79, 5, 6, '2026-01-18', 'Generated by Seeder', '2026-01-25 03:29:53', '2026-01-25 03:29:53'),
(80, 2, 2, '2026-01-19', 'Generated by Seeder', '2026-01-25 03:29:53', '2026-01-25 03:29:53'),
(81, 3, 1, '2026-01-19', 'Generated by Seeder', '2026-01-25 03:29:53', '2026-01-25 03:29:53'),
(82, 4, 3, '2026-01-19', 'Generated by Seeder', '2026-01-25 03:29:53', '2026-01-25 03:29:53'),
(83, 5, 6, '2026-01-19', 'Generated by Seeder', '2026-01-25 03:29:53', '2026-01-25 03:29:53'),
(84, 2, 3, '2026-01-20', 'Generated by Seeder', '2026-01-25 03:29:53', '2026-01-25 03:29:53'),
(85, 3, 3, '2026-01-20', 'Generated by Seeder', '2026-01-25 03:29:53', '2026-01-25 03:29:53'),
(86, 4, 1, '2026-01-20', 'Generated by Seeder', '2026-01-25 03:29:53', '2026-01-25 03:29:53'),
(87, 5, 2, '2026-01-20', 'Generated by Seeder', '2026-01-25 03:29:53', '2026-01-25 03:29:53'),
(88, 2, 2, '2026-01-21', 'Generated by Seeder', '2026-01-25 03:29:53', '2026-01-25 03:29:53'),
(89, 3, 1, '2026-01-21', 'Generated by Seeder', '2026-01-25 03:29:53', '2026-01-25 03:29:53'),
(90, 4, 2, '2026-01-21', 'Generated by Seeder', '2026-01-25 03:29:53', '2026-01-25 03:29:53'),
(91, 5, 1, '2026-01-21', 'Generated by Seeder', '2026-01-25 03:29:53', '2026-01-25 03:29:53'),
(92, 2, 6, '2026-01-22', 'Generated by Seeder', '2026-01-25 03:29:53', '2026-01-25 03:29:53'),
(93, 3, 6, '2026-01-22', 'Generated by Seeder', '2026-01-25 03:29:53', '2026-01-25 03:29:53'),
(94, 4, 3, '2026-01-22', 'Generated by Seeder', '2026-01-25 03:29:53', '2026-01-25 03:29:53'),
(95, 5, 3, '2026-01-22', 'Generated by Seeder', '2026-01-25 03:29:53', '2026-01-25 03:29:53'),
(96, 3, 3, '2026-01-23', 'Generated by Seeder', '2026-01-25 03:29:53', '2026-01-25 03:29:53'),
(97, 4, 2, '2026-01-23', 'Generated by Seeder', '2026-01-25 03:29:53', '2026-01-25 03:29:53'),
(98, 5, 6, '2026-01-23', 'Generated by Seeder', '2026-01-25 03:29:53', '2026-01-25 03:29:53'),
(99, 5, 2, '2026-01-24', 'Generated by Seeder', '2026-01-25 03:29:53', '2026-01-25 03:29:53'),
(100, 3, 3, '2026-01-25', 'Generated by Seeder', '2026-01-25 03:29:53', '2026-01-25 03:29:53'),
(101, 4, 3, '2026-01-25', 'Generated by Seeder', '2026-01-25 03:29:53', '2026-01-25 03:29:53'),
(102, 5, 2, '2026-01-25', 'Generated by Seeder', '2026-01-25 03:29:53', '2026-01-25 03:29:53'),
(103, 2, 1, '2026-01-26', 'Generated by Seeder', '2026-01-25 03:29:53', '2026-01-25 03:29:53'),
(104, 3, 3, '2026-01-26', 'Generated by Seeder', '2026-01-25 03:29:53', '2026-01-25 03:29:53'),
(105, 4, 3, '2026-01-26', 'Generated by Seeder', '2026-01-25 03:29:53', '2026-01-25 03:29:53'),
(106, 5, 3, '2026-01-26', 'Generated by Seeder', '2026-01-25 03:29:53', '2026-01-25 03:29:53'),
(107, 2, 3, '2026-01-27', NULL, '2026-01-25 03:29:53', '2026-01-27 06:49:14'),
(108, 3, 3, '2026-01-27', 'Generated by Seeder', '2026-01-25 03:29:53', '2026-01-25 03:29:53'),
(109, 4, 6, '2026-01-27', 'Generated by Seeder', '2026-01-25 03:29:53', '2026-01-25 03:29:53'),
(110, 5, 6, '2026-01-27', 'Generated by Seeder', '2026-01-25 03:29:53', '2026-01-25 03:29:53'),
(111, 2, 3, '2026-01-28', NULL, '2026-01-25 03:29:53', '2026-01-28 07:04:09'),
(112, 3, 1, '2026-01-28', NULL, '2026-01-25 03:29:53', '2026-01-28 07:31:33'),
(113, 4, 1, '2026-01-28', 'Generated by Seeder', '2026-01-25 03:29:53', '2026-01-25 03:29:53'),
(114, 5, 2, '2026-01-28', 'Generated by Seeder', '2026-01-25 03:29:53', '2026-01-25 03:29:53'),
(115, 2, 1, '2026-01-29', NULL, '2026-01-25 03:29:53', '2026-01-28 23:53:14'),
(116, 3, 2, '2026-01-29', 'Generated by Seeder', '2026-01-25 03:29:53', '2026-01-25 03:29:53'),
(117, 4, 6, '2026-01-29', 'Generated by Seeder', '2026-01-25 03:29:53', '2026-01-25 03:29:53'),
(118, 5, 3, '2026-01-29', 'Generated by Seeder', '2026-01-25 03:29:53', '2026-01-25 03:29:53'),
(119, 2, 6, '2026-01-30', 'Generated by Seeder', '2026-01-25 03:29:53', '2026-01-25 03:29:53'),
(120, 3, 2, '2026-01-30', 'Generated by Seeder', '2026-01-25 03:29:53', '2026-01-25 03:29:53'),
(121, 4, 3, '2026-01-30', 'Generated by Seeder', '2026-01-25 03:29:53', '2026-01-25 03:29:53'),
(122, 5, 2, '2026-01-30', 'Generated by Seeder', '2026-01-25 03:29:53', '2026-01-25 03:29:53'),
(123, 2, 3, '2026-01-31', 'Generated by Seeder', '2026-01-25 03:29:53', '2026-01-25 03:29:53'),
(124, 3, 6, '2026-01-31', 'Generated by Seeder', '2026-01-25 03:29:53', '2026-01-25 03:29:53'),
(125, 4, 3, '2026-01-31', 'Generated by Seeder', '2026-01-25 03:29:53', '2026-01-25 03:29:53'),
(126, 5, 6, '2026-01-31', 'Generated by Seeder', '2026-01-25 03:29:53', '2026-01-25 03:29:53'),
(127, 2, 1, '2026-02-24', 'Generated by Seeder', '2026-01-25 03:30:34', '2026-01-25 03:30:34'),
(128, 4, 2, '2026-02-24', 'Generated by Seeder', '2026-01-25 03:30:34', '2026-01-25 03:30:34'),
(129, 2, 1, '2026-02-01', 'Generated by Seeder', '2026-01-25 03:30:34', '2026-01-25 03:30:34'),
(130, 4, 6, '2026-02-01', 'Generated by Seeder', '2026-01-25 03:30:34', '2026-01-25 03:30:34'),
(131, 3, 1, '2026-02-01', 'Generated by Seeder', '2026-01-25 03:30:34', '2026-01-25 03:30:34'),
(132, 3, 3, '2026-02-24', 'Generated by Seeder', '2026-01-25 03:30:34', '2026-01-25 03:30:34'),
(133, 2, 3, '2026-02-23', 'Generated by Seeder', '2026-01-25 03:30:34', '2026-01-25 03:30:34'),
(134, 2, 2, '2026-02-25', 'Generated by Seeder', '2026-01-25 03:30:34', '2026-01-25 03:30:34'),
(135, 5, 3, '2026-02-01', 'Generated by Seeder', '2026-01-25 03:30:34', '2026-01-25 03:30:34'),
(136, 2, 3, '2026-02-02', 'Generated by Seeder', '2026-01-25 03:30:34', '2026-01-25 03:30:34'),
(137, 3, 2, '2026-02-02', 'Generated by Seeder', '2026-01-25 03:30:34', '2026-01-25 03:30:34'),
(138, 4, 2, '2026-02-02', 'Generated by Seeder', '2026-01-25 03:30:34', '2026-01-25 03:30:34'),
(139, 5, 6, '2026-02-02', 'Generated by Seeder', '2026-01-25 03:30:34', '2026-01-25 03:30:34'),
(140, 2, 2, '2026-02-03', 'Generated by Seeder', '2026-01-25 03:30:34', '2026-01-25 03:30:34'),
(141, 3, 6, '2026-02-03', 'Generated by Seeder', '2026-01-25 03:30:34', '2026-01-25 03:30:34'),
(142, 4, 6, '2026-02-03', 'Generated by Seeder', '2026-01-25 03:30:34', '2026-01-25 03:30:34'),
(143, 5, 2, '2026-02-03', 'Generated by Seeder', '2026-01-25 03:30:34', '2026-01-25 03:30:34'),
(144, 2, 2, '2026-02-04', 'Generated by Seeder', '2026-01-25 03:30:34', '2026-01-25 03:30:34'),
(145, 3, 3, '2026-02-04', 'Generated by Seeder', '2026-01-25 03:30:34', '2026-01-25 03:30:34'),
(146, 4, 3, '2026-02-04', 'Generated by Seeder', '2026-01-25 03:30:34', '2026-01-25 03:30:34'),
(147, 5, 2, '2026-02-04', 'Generated by Seeder', '2026-01-25 03:30:34', '2026-01-25 03:30:34'),
(148, 2, 1, '2026-02-05', 'Generated by Seeder', '2026-01-25 03:30:34', '2026-01-25 03:30:34'),
(149, 3, 2, '2026-02-05', 'Generated by Seeder', '2026-01-25 03:30:34', '2026-01-25 03:30:34'),
(150, 4, 6, '2026-02-05', 'Generated by Seeder', '2026-01-25 03:30:34', '2026-01-25 03:30:34'),
(151, 5, 1, '2026-02-05', 'Generated by Seeder', '2026-01-25 03:30:34', '2026-01-25 03:30:34'),
(152, 2, 3, '2026-02-06', 'Generated by Seeder', '2026-01-25 03:30:34', '2026-01-25 03:30:34'),
(153, 3, 6, '2026-02-06', 'Generated by Seeder', '2026-01-25 03:30:34', '2026-01-25 03:30:34'),
(154, 4, 6, '2026-02-06', 'Generated by Seeder', '2026-01-25 03:30:34', '2026-01-25 03:30:34'),
(155, 5, 3, '2026-02-06', 'Generated by Seeder', '2026-01-25 03:30:34', '2026-01-25 03:30:34'),
(156, 2, 1, '2026-02-07', 'Generated by Seeder', '2026-01-25 03:30:34', '2026-01-25 03:30:34'),
(157, 3, 3, '2026-02-07', 'Generated by Seeder', '2026-01-25 03:30:34', '2026-01-25 03:30:34'),
(158, 4, 2, '2026-02-07', 'Generated by Seeder', '2026-01-25 03:30:34', '2026-01-25 03:30:34'),
(159, 5, 1, '2026-02-07', 'Generated by Seeder', '2026-01-25 03:30:34', '2026-01-25 03:30:34'),
(160, 2, 6, '2026-02-08', 'Generated by Seeder', '2026-01-25 03:30:34', '2026-01-25 03:30:34'),
(161, 3, 1, '2026-02-08', 'Generated by Seeder', '2026-01-25 03:30:34', '2026-01-25 03:30:34'),
(162, 4, 2, '2026-02-08', 'Generated by Seeder', '2026-01-25 03:30:34', '2026-01-25 03:30:34'),
(163, 5, 2, '2026-02-08', 'Generated by Seeder', '2026-01-25 03:30:34', '2026-01-25 03:30:34'),
(164, 2, 2, '2026-02-09', 'Generated by Seeder', '2026-01-25 03:30:34', '2026-01-25 03:30:34'),
(165, 3, 2, '2026-02-09', 'Generated by Seeder', '2026-01-25 03:30:34', '2026-01-25 03:30:34'),
(166, 4, 3, '2026-02-09', 'Generated by Seeder', '2026-01-25 03:30:34', '2026-01-25 03:30:34'),
(167, 5, 3, '2026-02-09', 'Generated by Seeder', '2026-01-25 03:30:34', '2026-01-25 03:30:34'),
(168, 2, 3, '2026-02-10', 'Generated by Seeder', '2026-01-25 03:30:34', '2026-01-25 03:30:34'),
(169, 3, 1, '2026-02-10', 'Generated by Seeder', '2026-01-25 03:30:34', '2026-01-25 03:30:34'),
(170, 4, 2, '2026-02-10', 'Generated by Seeder', '2026-01-25 03:30:34', '2026-01-25 03:30:34'),
(171, 5, 3, '2026-02-10', 'Generated by Seeder', '2026-01-25 03:30:34', '2026-01-25 03:30:34'),
(172, 2, 6, '2026-02-11', 'Generated by Seeder', '2026-01-25 03:30:34', '2026-01-25 03:30:34'),
(173, 3, 2, '2026-02-11', 'Generated by Seeder', '2026-01-25 03:30:34', '2026-01-25 03:30:34'),
(174, 4, 1, '2026-02-11', 'Generated by Seeder', '2026-01-25 03:30:34', '2026-01-25 03:30:34'),
(175, 5, 2, '2026-02-11', 'Generated by Seeder', '2026-01-25 03:30:34', '2026-01-25 03:30:34'),
(176, 2, 3, '2026-02-12', 'Generated by Seeder', '2026-01-25 03:30:34', '2026-01-25 03:30:34'),
(177, 3, 6, '2026-02-12', 'Generated by Seeder', '2026-01-25 03:30:34', '2026-01-25 03:30:34'),
(178, 4, 2, '2026-02-12', 'Generated by Seeder', '2026-01-25 03:30:34', '2026-01-25 03:30:34'),
(179, 5, 6, '2026-02-12', 'Generated by Seeder', '2026-01-25 03:30:34', '2026-01-25 03:30:34'),
(180, 2, 1, '2026-02-13', 'Generated by Seeder', '2026-01-25 03:30:34', '2026-01-25 03:30:34'),
(181, 3, 2, '2026-02-13', 'Generated by Seeder', '2026-01-25 03:30:34', '2026-01-25 03:30:34'),
(182, 4, 6, '2026-02-13', 'Generated by Seeder', '2026-01-25 03:30:34', '2026-01-25 03:30:34'),
(183, 5, 3, '2026-02-13', 'Generated by Seeder', '2026-01-25 03:30:34', '2026-01-25 03:30:34'),
(184, 2, 2, '2026-02-14', 'Generated by Seeder', '2026-01-25 03:30:34', '2026-01-25 03:30:34'),
(185, 3, 2, '2026-02-14', 'Generated by Seeder', '2026-01-25 03:30:34', '2026-01-25 03:30:34'),
(186, 4, 3, '2026-02-14', 'Generated by Seeder', '2026-01-25 03:30:34', '2026-01-25 03:30:34'),
(187, 5, 6, '2026-02-14', 'Generated by Seeder', '2026-01-25 03:30:34', '2026-01-25 03:30:34'),
(188, 2, 6, '2026-02-15', 'Generated by Seeder', '2026-01-25 03:30:34', '2026-01-25 03:30:34'),
(189, 3, 2, '2026-02-15', 'Generated by Seeder', '2026-01-25 03:30:34', '2026-01-25 03:30:34'),
(190, 4, 2, '2026-02-15', 'Generated by Seeder', '2026-01-25 03:30:34', '2026-01-25 03:30:34'),
(191, 5, 2, '2026-02-15', 'Generated by Seeder', '2026-01-25 03:30:34', '2026-01-25 03:30:34'),
(192, 2, 2, '2026-02-16', 'Generated by Seeder', '2026-01-25 03:30:34', '2026-01-25 03:30:34'),
(193, 3, 6, '2026-02-16', 'Generated by Seeder', '2026-01-25 03:30:34', '2026-01-25 03:30:34'),
(194, 4, 1, '2026-02-16', 'Generated by Seeder', '2026-01-25 03:30:34', '2026-01-25 03:30:34'),
(195, 5, 6, '2026-02-16', 'Generated by Seeder', '2026-01-25 03:30:34', '2026-01-25 03:30:34'),
(196, 2, 1, '2026-02-17', 'Generated by Seeder', '2026-01-25 03:30:34', '2026-01-25 03:30:34'),
(197, 3, 3, '2026-02-17', 'Generated by Seeder', '2026-01-25 03:30:34', '2026-01-25 03:30:34'),
(198, 4, 6, '2026-02-17', 'Generated by Seeder', '2026-01-25 03:30:34', '2026-01-25 03:30:34'),
(199, 5, 1, '2026-02-17', 'Generated by Seeder', '2026-01-25 03:30:34', '2026-01-25 03:30:34'),
(200, 2, 1, '2026-02-18', 'Generated by Seeder', '2026-01-25 03:30:34', '2026-01-25 03:30:34'),
(201, 3, 1, '2026-02-18', 'Generated by Seeder', '2026-01-25 03:30:34', '2026-01-25 03:30:34'),
(202, 4, 2, '2026-02-18', 'Generated by Seeder', '2026-01-25 03:30:34', '2026-01-25 03:30:34'),
(203, 5, 6, '2026-02-18', 'Generated by Seeder', '2026-01-25 03:30:34', '2026-01-25 03:30:34'),
(204, 2, 2, '2026-02-19', 'Generated by Seeder', '2026-01-25 03:30:34', '2026-01-25 03:30:34'),
(205, 3, 1, '2026-02-19', 'Generated by Seeder', '2026-01-25 03:30:34', '2026-01-25 03:30:34'),
(206, 4, 3, '2026-02-19', 'Generated by Seeder', '2026-01-25 03:30:34', '2026-01-25 03:30:34'),
(207, 5, 6, '2026-02-19', 'Generated by Seeder', '2026-01-25 03:30:34', '2026-01-25 03:30:34'),
(208, 2, 3, '2026-02-20', 'Generated by Seeder', '2026-01-25 03:30:34', '2026-01-25 03:30:34'),
(209, 3, 3, '2026-02-20', 'Generated by Seeder', '2026-01-25 03:30:34', '2026-01-25 03:30:34'),
(210, 4, 1, '2026-02-20', 'Generated by Seeder', '2026-01-25 03:30:34', '2026-01-25 03:30:34'),
(211, 5, 2, '2026-02-20', 'Generated by Seeder', '2026-01-25 03:30:34', '2026-01-25 03:30:34'),
(212, 2, 2, '2026-02-21', 'Generated by Seeder', '2026-01-25 03:30:34', '2026-01-25 03:30:34'),
(213, 3, 1, '2026-02-21', 'Generated by Seeder', '2026-01-25 03:30:34', '2026-01-25 03:30:34'),
(214, 4, 2, '2026-02-21', 'Generated by Seeder', '2026-01-25 03:30:34', '2026-01-25 03:30:34'),
(215, 5, 1, '2026-02-21', 'Generated by Seeder', '2026-01-25 03:30:34', '2026-01-25 03:30:34'),
(216, 2, 6, '2026-02-22', 'Generated by Seeder', '2026-01-25 03:30:34', '2026-01-25 03:30:34'),
(217, 3, 6, '2026-02-22', 'Generated by Seeder', '2026-01-25 03:30:34', '2026-01-25 03:30:34'),
(218, 4, 3, '2026-02-22', 'Generated by Seeder', '2026-01-25 03:30:34', '2026-01-25 03:30:34'),
(219, 5, 3, '2026-02-22', 'Generated by Seeder', '2026-01-25 03:30:34', '2026-01-25 03:30:34'),
(220, 3, 3, '2026-02-23', 'Generated by Seeder', '2026-01-25 03:30:34', '2026-01-25 03:30:34'),
(221, 4, 2, '2026-02-23', 'Generated by Seeder', '2026-01-25 03:30:34', '2026-01-25 03:30:34'),
(222, 5, 6, '2026-02-23', 'Generated by Seeder', '2026-01-25 03:30:34', '2026-01-25 03:30:34'),
(223, 5, 2, '2026-02-24', 'Generated by Seeder', '2026-01-25 03:30:34', '2026-01-25 03:30:34'),
(224, 3, 3, '2026-02-25', 'Generated by Seeder', '2026-01-25 03:30:34', '2026-01-25 03:30:34'),
(225, 4, 3, '2026-02-25', 'Generated by Seeder', '2026-01-25 03:30:34', '2026-01-25 03:30:34'),
(226, 5, 2, '2026-02-25', 'Generated by Seeder', '2026-01-25 03:30:34', '2026-01-25 03:30:34'),
(227, 2, 1, '2026-02-26', 'Generated by Seeder', '2026-01-25 03:30:34', '2026-01-25 03:30:34'),
(228, 3, 3, '2026-02-26', 'Generated by Seeder', '2026-01-25 03:30:34', '2026-01-25 03:30:34'),
(229, 4, 3, '2026-02-26', 'Generated by Seeder', '2026-01-25 03:30:34', '2026-01-25 03:30:34'),
(230, 5, 3, '2026-02-26', 'Generated by Seeder', '2026-01-25 03:30:34', '2026-01-25 03:30:34'),
(231, 2, 1, '2026-02-27', 'Generated by Seeder', '2026-01-25 03:30:34', '2026-01-25 03:30:34'),
(232, 3, 3, '2026-02-27', 'Generated by Seeder', '2026-01-25 03:30:34', '2026-01-25 03:30:34'),
(233, 4, 6, '2026-02-27', 'Generated by Seeder', '2026-01-25 03:30:34', '2026-01-25 03:30:34'),
(234, 5, 6, '2026-02-27', 'Generated by Seeder', '2026-01-25 03:30:34', '2026-01-25 03:30:34'),
(235, 2, 6, '2026-02-28', 'Generated by Seeder', '2026-01-25 03:30:34', '2026-01-25 03:30:34'),
(236, 3, 2, '2026-02-28', 'Generated by Seeder', '2026-01-25 03:30:34', '2026-01-25 03:30:34'),
(237, 4, 1, '2026-02-28', 'Generated by Seeder', '2026-01-25 03:30:34', '2026-01-25 03:30:34'),
(238, 5, 2, '2026-02-28', 'Generated by Seeder', '2026-01-25 03:30:34', '2026-01-25 03:30:34'),
(239, 3, 2, '2026-01-03', NULL, '2026-01-29 01:32:55', '2026-01-29 01:32:55'),
(240, 2, 1, '2026-03-24', 'Generated by Seeder', '2026-01-29 01:33:53', '2026-01-29 01:33:53'),
(241, 4, 2, '2026-03-24', 'Generated by Seeder', '2026-01-29 01:33:53', '2026-01-29 01:33:53'),
(242, 2, 1, '2026-03-01', 'Generated by Seeder', '2026-01-29 01:33:53', '2026-01-29 01:33:53'),
(243, 4, 6, '2026-03-01', 'Generated by Seeder', '2026-01-29 01:33:53', '2026-01-29 01:33:53'),
(244, 3, 1, '2026-03-01', 'Generated by Seeder', '2026-01-29 01:33:53', '2026-01-29 01:33:53'),
(245, 3, 3, '2026-03-24', 'Generated by Seeder', '2026-01-29 01:33:53', '2026-01-29 01:33:53'),
(246, 2, 3, '2026-03-23', 'Generated by Seeder', '2026-01-29 01:33:53', '2026-01-29 01:33:53'),
(247, 2, 2, '2026-03-25', 'Generated by Seeder', '2026-01-29 01:33:53', '2026-01-29 01:33:53'),
(248, 5, 3, '2026-03-01', 'Generated by Seeder', '2026-01-29 01:33:53', '2026-01-29 01:33:53'),
(249, 2, 3, '2026-03-02', 'Generated by Seeder', '2026-01-29 01:33:53', '2026-01-29 01:33:53'),
(250, 3, 2, '2026-03-02', 'Generated by Seeder', '2026-01-29 01:33:53', '2026-01-29 01:33:53'),
(251, 4, 2, '2026-03-02', 'Generated by Seeder', '2026-01-29 01:33:53', '2026-01-29 01:33:53'),
(252, 5, 6, '2026-03-02', 'Generated by Seeder', '2026-01-29 01:33:53', '2026-01-29 01:33:53'),
(253, 2, 2, '2026-03-03', 'Generated by Seeder', '2026-01-29 01:33:53', '2026-01-29 01:33:53'),
(254, 3, 6, '2026-03-03', 'Generated by Seeder', '2026-01-29 01:33:53', '2026-01-29 01:33:53'),
(255, 4, 6, '2026-03-03', 'Generated by Seeder', '2026-01-29 01:33:53', '2026-01-29 01:33:53'),
(256, 5, 2, '2026-03-03', 'Generated by Seeder', '2026-01-29 01:33:53', '2026-01-29 01:33:53'),
(257, 2, 2, '2026-03-04', 'Generated by Seeder', '2026-01-29 01:33:53', '2026-01-29 01:33:53'),
(258, 3, 3, '2026-03-04', 'Generated by Seeder', '2026-01-29 01:33:53', '2026-01-29 01:33:53'),
(259, 4, 3, '2026-03-04', 'Generated by Seeder', '2026-01-29 01:33:53', '2026-01-29 01:33:53'),
(260, 5, 2, '2026-03-04', 'Generated by Seeder', '2026-01-29 01:33:53', '2026-01-29 01:33:53'),
(261, 2, 1, '2026-03-05', 'Generated by Seeder', '2026-01-29 01:33:53', '2026-01-29 01:33:53'),
(262, 3, 2, '2026-03-05', 'Generated by Seeder', '2026-01-29 01:33:53', '2026-01-29 01:33:53'),
(263, 4, 6, '2026-03-05', 'Generated by Seeder', '2026-01-29 01:33:53', '2026-01-29 01:33:53'),
(264, 5, 1, '2026-03-05', 'Generated by Seeder', '2026-01-29 01:33:53', '2026-01-29 01:33:53'),
(265, 2, 3, '2026-03-06', 'Generated by Seeder', '2026-01-29 01:33:53', '2026-01-29 01:33:53'),
(266, 3, 6, '2026-03-06', 'Generated by Seeder', '2026-01-29 01:33:53', '2026-01-29 01:33:53'),
(267, 4, 6, '2026-03-06', 'Generated by Seeder', '2026-01-29 01:33:53', '2026-01-29 01:33:53'),
(268, 5, 3, '2026-03-06', 'Generated by Seeder', '2026-01-29 01:33:53', '2026-01-29 01:33:53'),
(269, 2, 1, '2026-03-07', 'Generated by Seeder', '2026-01-29 01:33:53', '2026-01-29 01:33:53'),
(270, 3, 3, '2026-03-07', 'Generated by Seeder', '2026-01-29 01:33:53', '2026-01-29 01:33:53'),
(271, 4, 2, '2026-03-07', 'Generated by Seeder', '2026-01-29 01:33:53', '2026-01-29 01:33:53'),
(272, 5, 1, '2026-03-07', 'Generated by Seeder', '2026-01-29 01:33:53', '2026-01-29 01:33:53'),
(273, 2, 6, '2026-03-08', 'Generated by Seeder', '2026-01-29 01:33:53', '2026-01-29 01:33:53'),
(274, 3, 1, '2026-03-08', 'Generated by Seeder', '2026-01-29 01:33:53', '2026-01-29 01:33:53'),
(275, 4, 2, '2026-03-08', 'Generated by Seeder', '2026-01-29 01:33:53', '2026-01-29 01:33:53'),
(276, 5, 2, '2026-03-08', 'Generated by Seeder', '2026-01-29 01:33:53', '2026-01-29 01:33:53'),
(277, 2, 2, '2026-03-09', 'Generated by Seeder', '2026-01-29 01:33:53', '2026-01-29 01:33:53'),
(278, 3, 2, '2026-03-09', 'Generated by Seeder', '2026-01-29 01:33:53', '2026-01-29 01:33:53'),
(279, 4, 3, '2026-03-09', 'Generated by Seeder', '2026-01-29 01:33:53', '2026-01-29 01:33:53'),
(280, 5, 3, '2026-03-09', 'Generated by Seeder', '2026-01-29 01:33:53', '2026-01-29 01:33:53'),
(281, 2, 3, '2026-03-10', 'Generated by Seeder', '2026-01-29 01:33:53', '2026-01-29 01:33:53'),
(282, 3, 1, '2026-03-10', 'Generated by Seeder', '2026-01-29 01:33:53', '2026-01-29 01:33:53'),
(283, 4, 2, '2026-03-10', 'Generated by Seeder', '2026-01-29 01:33:53', '2026-01-29 01:33:53'),
(284, 5, 3, '2026-03-10', 'Generated by Seeder', '2026-01-29 01:33:53', '2026-01-29 01:33:53'),
(285, 2, 6, '2026-03-11', 'Generated by Seeder', '2026-01-29 01:33:53', '2026-01-29 01:33:53'),
(286, 3, 2, '2026-03-11', 'Generated by Seeder', '2026-01-29 01:33:53', '2026-01-29 01:33:53'),
(287, 4, 1, '2026-03-11', 'Generated by Seeder', '2026-01-29 01:33:53', '2026-01-29 01:33:53'),
(288, 5, 2, '2026-03-11', 'Generated by Seeder', '2026-01-29 01:33:53', '2026-01-29 01:33:53'),
(289, 2, 3, '2026-03-12', 'Generated by Seeder', '2026-01-29 01:33:53', '2026-01-29 01:33:53'),
(290, 3, 6, '2026-03-12', 'Generated by Seeder', '2026-01-29 01:33:53', '2026-01-29 01:33:53'),
(291, 4, 2, '2026-03-12', 'Generated by Seeder', '2026-01-29 01:33:53', '2026-01-29 01:33:53'),
(292, 5, 6, '2026-03-12', 'Generated by Seeder', '2026-01-29 01:33:53', '2026-01-29 01:33:53'),
(293, 2, 1, '2026-03-13', 'Generated by Seeder', '2026-01-29 01:33:53', '2026-01-29 01:33:53'),
(294, 3, 2, '2026-03-13', 'Generated by Seeder', '2026-01-29 01:33:53', '2026-01-29 01:33:53'),
(295, 4, 6, '2026-03-13', 'Generated by Seeder', '2026-01-29 01:33:53', '2026-01-29 01:33:53'),
(296, 5, 3, '2026-03-13', 'Generated by Seeder', '2026-01-29 01:33:53', '2026-01-29 01:33:53'),
(297, 2, 2, '2026-03-14', 'Generated by Seeder', '2026-01-29 01:33:53', '2026-01-29 01:33:53'),
(298, 3, 2, '2026-03-14', 'Generated by Seeder', '2026-01-29 01:33:53', '2026-01-29 01:33:53'),
(299, 4, 3, '2026-03-14', 'Generated by Seeder', '2026-01-29 01:33:53', '2026-01-29 01:33:53'),
(300, 5, 6, '2026-03-14', 'Generated by Seeder', '2026-01-29 01:33:53', '2026-01-29 01:33:53'),
(301, 2, 6, '2026-03-15', 'Generated by Seeder', '2026-01-29 01:33:53', '2026-01-29 01:33:53'),
(302, 3, 2, '2026-03-15', 'Generated by Seeder', '2026-01-29 01:33:53', '2026-01-29 01:33:53'),
(303, 4, 2, '2026-03-15', 'Generated by Seeder', '2026-01-29 01:33:53', '2026-01-29 01:33:53'),
(304, 5, 2, '2026-03-15', 'Generated by Seeder', '2026-01-29 01:33:53', '2026-01-29 01:33:53'),
(305, 2, 2, '2026-03-16', 'Generated by Seeder', '2026-01-29 01:33:53', '2026-01-29 01:33:53'),
(306, 3, 6, '2026-03-16', 'Generated by Seeder', '2026-01-29 01:33:53', '2026-01-29 01:33:53'),
(307, 4, 1, '2026-03-16', 'Generated by Seeder', '2026-01-29 01:33:53', '2026-01-29 01:33:53'),
(308, 5, 6, '2026-03-16', 'Generated by Seeder', '2026-01-29 01:33:53', '2026-01-29 01:33:53'),
(309, 2, 1, '2026-03-17', 'Generated by Seeder', '2026-01-29 01:33:53', '2026-01-29 01:33:53'),
(310, 3, 3, '2026-03-17', 'Generated by Seeder', '2026-01-29 01:33:53', '2026-01-29 01:33:53'),
(311, 4, 6, '2026-03-17', 'Generated by Seeder', '2026-01-29 01:33:53', '2026-01-29 01:33:53'),
(312, 5, 1, '2026-03-17', 'Generated by Seeder', '2026-01-29 01:33:53', '2026-01-29 01:33:53'),
(313, 2, 1, '2026-03-18', 'Generated by Seeder', '2026-01-29 01:33:53', '2026-01-29 01:33:53'),
(314, 3, 1, '2026-03-18', 'Generated by Seeder', '2026-01-29 01:33:53', '2026-01-29 01:33:53'),
(315, 4, 2, '2026-03-18', 'Generated by Seeder', '2026-01-29 01:33:53', '2026-01-29 01:33:53'),
(316, 5, 6, '2026-03-18', 'Generated by Seeder', '2026-01-29 01:33:53', '2026-01-29 01:33:53'),
(317, 2, 2, '2026-03-19', 'Generated by Seeder', '2026-01-29 01:33:53', '2026-01-29 01:33:53'),
(318, 3, 1, '2026-03-19', 'Generated by Seeder', '2026-01-29 01:33:53', '2026-01-29 01:33:53'),
(319, 4, 3, '2026-03-19', 'Generated by Seeder', '2026-01-29 01:33:53', '2026-01-29 01:33:53'),
(320, 5, 6, '2026-03-19', 'Generated by Seeder', '2026-01-29 01:33:53', '2026-01-29 01:33:53'),
(321, 2, 3, '2026-03-20', 'Generated by Seeder', '2026-01-29 01:33:53', '2026-01-29 01:33:53'),
(322, 3, 3, '2026-03-20', 'Generated by Seeder', '2026-01-29 01:33:53', '2026-01-29 01:33:53'),
(323, 4, 1, '2026-03-20', 'Generated by Seeder', '2026-01-29 01:33:53', '2026-01-29 01:33:53'),
(324, 5, 2, '2026-03-20', 'Generated by Seeder', '2026-01-29 01:33:53', '2026-01-29 01:33:53'),
(325, 2, 2, '2026-03-21', 'Generated by Seeder', '2026-01-29 01:33:53', '2026-01-29 01:33:53'),
(326, 3, 1, '2026-03-21', 'Generated by Seeder', '2026-01-29 01:33:53', '2026-01-29 01:33:53'),
(327, 4, 2, '2026-03-21', 'Generated by Seeder', '2026-01-29 01:33:53', '2026-01-29 01:33:53'),
(328, 5, 1, '2026-03-21', 'Generated by Seeder', '2026-01-29 01:33:53', '2026-01-29 01:33:53'),
(329, 2, 6, '2026-03-22', 'Generated by Seeder', '2026-01-29 01:33:53', '2026-01-29 01:33:53'),
(330, 3, 6, '2026-03-22', 'Generated by Seeder', '2026-01-29 01:33:53', '2026-01-29 01:33:53'),
(331, 4, 3, '2026-03-22', 'Generated by Seeder', '2026-01-29 01:33:53', '2026-01-29 01:33:53'),
(332, 5, 3, '2026-03-22', 'Generated by Seeder', '2026-01-29 01:33:53', '2026-01-29 01:33:53'),
(333, 3, 3, '2026-03-23', 'Generated by Seeder', '2026-01-29 01:33:53', '2026-01-29 01:33:53'),
(334, 4, 2, '2026-03-23', 'Generated by Seeder', '2026-01-29 01:33:53', '2026-01-29 01:33:53'),
(335, 5, 6, '2026-03-23', 'Generated by Seeder', '2026-01-29 01:33:53', '2026-01-29 01:33:53'),
(336, 5, 2, '2026-03-24', 'Generated by Seeder', '2026-01-29 01:33:53', '2026-01-29 01:33:53'),
(337, 3, 3, '2026-03-25', 'Generated by Seeder', '2026-01-29 01:33:53', '2026-01-29 01:33:53'),
(338, 4, 3, '2026-03-25', 'Generated by Seeder', '2026-01-29 01:33:53', '2026-01-29 01:33:53'),
(339, 5, 2, '2026-03-25', 'Generated by Seeder', '2026-01-29 01:33:53', '2026-01-29 01:33:53'),
(340, 2, 1, '2026-03-26', 'Generated by Seeder', '2026-01-29 01:33:53', '2026-01-29 01:33:53'),
(341, 3, 3, '2026-03-26', 'Generated by Seeder', '2026-01-29 01:33:53', '2026-01-29 01:33:53'),
(342, 4, 3, '2026-03-26', 'Generated by Seeder', '2026-01-29 01:33:53', '2026-01-29 01:33:53'),
(343, 5, 3, '2026-03-26', 'Generated by Seeder', '2026-01-29 01:33:53', '2026-01-29 01:33:53'),
(344, 2, 1, '2026-03-27', 'Generated by Seeder', '2026-01-29 01:33:53', '2026-01-29 01:33:53'),
(345, 3, 3, '2026-03-27', 'Generated by Seeder', '2026-01-29 01:33:53', '2026-01-29 01:33:53'),
(346, 4, 6, '2026-03-27', 'Generated by Seeder', '2026-01-29 01:33:53', '2026-01-29 01:33:53'),
(347, 5, 6, '2026-03-27', 'Generated by Seeder', '2026-01-29 01:33:53', '2026-01-29 01:33:53'),
(348, 2, 6, '2026-03-28', 'Generated by Seeder', '2026-01-29 01:33:53', '2026-01-29 01:33:53'),
(349, 3, 2, '2026-03-28', 'Generated by Seeder', '2026-01-29 01:33:53', '2026-01-29 01:33:53'),
(350, 4, 1, '2026-03-28', 'Generated by Seeder', '2026-01-29 01:33:53', '2026-01-29 01:33:53'),
(351, 5, 2, '2026-03-28', 'Generated by Seeder', '2026-01-29 01:33:53', '2026-01-29 01:33:53');

-- --------------------------------------------------------

--
-- Struktur dari tabel `jobs`
--

CREATE TABLE `jobs` (
  `id` bigint(20) UNSIGNED NOT NULL,
  `queue` varchar(255) NOT NULL,
  `payload` longtext NOT NULL,
  `attempts` tinyint(3) UNSIGNED NOT NULL,
  `reserved_at` int(10) UNSIGNED DEFAULT NULL,
  `available_at` int(10) UNSIGNED NOT NULL,
  `created_at` int(10) UNSIGNED NOT NULL
) ENGINE=InnoDB DEFAULT CHARSET=utf8mb4 COLLATE=utf8mb4_unicode_ci;

-- --------------------------------------------------------

--
-- Struktur dari tabel `job_batches`
--

CREATE TABLE `job_batches` (
  `id` varchar(255) NOT NULL,
  `name` varchar(255) NOT NULL,
  `total_jobs` int(11) NOT NULL,
  `pending_jobs` int(11) NOT NULL,
  `failed_jobs` int(11) NOT NULL,
  `failed_job_ids` longtext NOT NULL,
  `options` mediumtext DEFAULT NULL,
  `cancelled_at` int(11) DEFAULT NULL,
  `created_at` int(11) NOT NULL,
  `finished_at` int(11) DEFAULT NULL
) ENGINE=InnoDB DEFAULT CHARSET=utf8mb4 COLLATE=utf8mb4_unicode_ci;

-- --------------------------------------------------------

--
-- Struktur dari tabel `kehadirans`
--

CREATE TABLE `kehadirans` (
  `id` bigint(20) UNSIGNED NOT NULL,
  `user_id` bigint(20) UNSIGNED NOT NULL,
  `shift_id` bigint(20) UNSIGNED NOT NULL,
  `tanggal` date NOT NULL,
  `jam_masuk` time DEFAULT NULL,
  `jam_pulang` time DEFAULT NULL,
  `lokasi_masuk` text DEFAULT NULL,
  `lokasi_pulang` text DEFAULT NULL,
  `ip_address_masuk` varchar(255) DEFAULT NULL,
  `ip_address_pulang` varchar(255) DEFAULT NULL,
  `status` varchar(255) NOT NULL DEFAULT 'Alpha',
  `created_at` timestamp NULL DEFAULT NULL,
  `updated_at` timestamp NULL DEFAULT NULL
) ENGINE=InnoDB DEFAULT CHARSET=utf8mb4 COLLATE=utf8mb4_unicode_ci;

--
-- Dumping data untuk tabel `kehadirans`
--

INSERT INTO `kehadirans` (`id`, `user_id`, `shift_id`, `tanggal`, `jam_masuk`, `jam_pulang`, `lokasi_masuk`, `lokasi_pulang`, `ip_address_masuk`, `ip_address_pulang`, `status`, `created_at`, `updated_at`) VALUES
(5, 3, 1, '2026-01-19', '07:59:00', '14:00:00', '-7.03450411049392,112.74362264825102', '-7.034509885429639,112.74363534371106', '192.168.110.154', '192.168.110.154', 'Hadir', '2026-01-19 03:26:20', '2026-01-19 04:09:57'),
(7, 4, 1, '2026-01-19', '07:00:00', '14:00:00', '-7.034507836517104,112.74364736783652', '-7.034507836517104,112.74364736783652', '127.0.0.1', '127.0.0.1', 'Hadir', '2026-01-19 03:44:43', '2026-01-19 03:44:43'),
(9, 2, 2, '2026-01-19', '13:50:00', '21:00:00', '-7.0345,112.7436', '-7.0345,112.7436', '127.0.0.1', '127.0.0.1', 'Hadir', '2026-01-19 01:00:00', '2026-01-19 09:00:00'),
(10, 5, 3, '2026-01-19', '23:00:00', '07:00:00', '-7.0345200000000006,112.74362', '-7.03451602762348,112.74362', '127.0.0.1', '127.0.0.1', 'Hadir (Terlambat)', '2026-01-19 05:20:07', '2026-01-19 05:28:33'),
(11, 3, 2, '2026-01-21', '17:00:00', '21:00:00', '-7.125230893999846,112.7249388169133', '-7.125230893999846,112.7249388169133', '127.0.0.1', '127.0.0.1', 'Hadir (Terlambat)', '2026-01-21 02:50:04', '2026-01-21 02:50:04'),
(20, 4, 3, '2026-01-24', '22:12:32', '22:12:41', NULL, NULL, NULL, NULL, 'Hadir (Terlambat)', '2026-01-24 08:12:32', '2026-01-24 08:12:41'),
(22, 2, 1, '2026-01-24', '07:15:00', '14:00:00', '-7.0345,112.7436', '-7.0345,112.7436', '127.0.0.1', '127.0.0.1', 'Hadir (Terlambat)', '2026-01-24 01:00:00', '2026-01-24 09:00:00'),
(26, 2, 1, '2026-01-01', '07:15:00', '14:00:00', '-7.0345,112.7436', '-7.0345,112.7436', '127.0.0.1', '127.0.0.1', 'Hadir (Terlambat)', '2026-01-01 01:00:00', '2026-01-01 09:00:00'),
(27, 2, 3, '2026-01-02', '21:45:00', '07:00:00', '-7.0345,112.7436', '-7.0345,112.7436', '127.0.0.1', '127.0.0.1', 'Hadir', '2026-01-02 01:00:00', '2026-01-02 09:00:00'),
(28, 2, 2, '2026-01-03', '13:50:00', '21:00:00', '-7.0345,112.7436', '-7.0345,112.7436', '127.0.0.1', '127.0.0.1', 'Hadir', '2026-01-03 01:00:00', '2026-01-03 09:00:00'),
(29, 2, 2, '2026-01-04', '13:50:00', '21:00:00', '-7.0345,112.7436', '-7.0345,112.7436', '127.0.0.1', '127.0.0.1', 'Hadir', '2026-01-04 01:00:00', '2026-01-04 09:00:00'),
(30, 2, 1, '2026-01-05', NULL, NULL, NULL, NULL, NULL, NULL, 'Izin', '2026-01-04 17:00:00', '2026-01-04 17:00:00'),
(31, 2, 3, '2026-01-06', '22:10:00', '07:00:00', '-7.0345,112.7436', '-7.0345,112.7436', '127.0.0.1', '127.0.0.1', 'Hadir (Terlambat)', '2026-01-06 01:00:00', '2026-01-06 09:00:00'),
(32, 2, 1, '2026-01-07', '06:55:00', '14:00:00', '-7.0345,112.7436', '-7.0345,112.7436', '127.0.0.1', '127.0.0.1', 'Hadir', '2026-01-07 01:00:00', '2026-01-07 09:00:00'),
(33, 2, 2, '2026-01-09', '13:50:00', '21:00:00', '-7.0345,112.7436', '-7.0345,112.7436', '127.0.0.1', '127.0.0.1', 'Hadir', '2026-01-09 01:00:00', '2026-01-09 09:00:00'),
(34, 2, 3, '2026-01-10', '21:45:00', '07:00:00', '-7.0345,112.7436', '-7.0345,112.7436', '127.0.0.1', '127.0.0.1', 'Hadir', '2026-01-10 01:00:00', '2026-01-10 09:00:00'),
(35, 2, 1, '2026-01-13', '06:55:00', '14:00:00', '-7.0345,112.7436', '-7.0345,112.7436', '127.0.0.1', '127.0.0.1', 'Hadir', '2026-01-13 01:00:00', '2026-01-13 09:00:00'),
(36, 2, 2, '2026-01-14', '13:50:00', '21:00:00', '-7.0345,112.7436', '-7.0345,112.7436', '127.0.0.1', '127.0.0.1', 'Hadir', '2026-01-14 01:00:00', '2026-01-14 09:00:00'),
(37, 2, 2, '2026-01-16', '13:50:00', '21:00:00', '-7.0345,112.7436', '-7.0345,112.7436', '127.0.0.1', '127.0.0.1', 'Hadir', '2026-01-16 01:00:00', '2026-01-16 09:00:00'),
(38, 2, 1, '2026-01-17', '06:55:00', '14:00:00', '-7.0345,112.7436', '-7.0345,112.7436', '127.0.0.1', '127.0.0.1', 'Hadir', '2026-01-17 01:00:00', '2026-01-17 09:00:00'),
(39, 2, 1, '2026-01-18', '06:55:00', '14:00:00', '-7.0345,112.7436', '-7.0345,112.7436', '127.0.0.1', '127.0.0.1', 'Hadir', '2026-01-18 01:00:00', '2026-01-18 09:00:00'),
(40, 2, 3, '2026-01-20', '21:45:00', '07:00:00', '-7.0345,112.7436', '-7.0345,112.7436', '127.0.0.1', '127.0.0.1', 'Hadir', '2026-01-20 01:00:00', '2026-01-20 09:00:00'),
(41, 2, 2, '2026-01-21', '14:12:00', '21:00:00', '-7.0345,112.7436', '-7.0345,112.7436', '127.0.0.1', '127.0.0.1', 'Hadir (Terlambat)', '2026-01-21 01:00:00', '2026-01-21 09:00:00'),
(42, 2, 3, '2026-01-23', '22:10:00', '07:00:00', '-7.0345,112.7436', '-7.0345,112.7436', '127.0.0.1', '127.0.0.1', 'Hadir (Terlambat)', '2026-01-23 01:00:00', '2026-01-23 09:00:00'),
(43, 2, 1, '2026-01-26', '06:55:00', '14:00:00', '-7.0345,112.7436', '-7.0345,112.7436', '127.0.0.1', '127.0.0.1', 'Hadir', '2026-01-26 01:00:00', '2026-01-26 09:00:00'),
(46, 2, 3, '2026-01-31', '21:45:00', '07:00:00', '-7.0345,112.7436', '-7.0345,112.7436', '127.0.0.1', '127.0.0.1', 'Hadir', '2026-01-31 01:00:00', '2026-01-31 09:00:00'),
(47, 2, 1, '2026-02-01', '06:55:00', '14:00:00', '-7.0345,112.7436', '-7.0345,112.7436', '127.0.0.1', '127.0.0.1', 'Hadir', '2026-02-01 01:00:00', '2026-02-01 09:00:00'),
(48, 2, 3, '2026-02-02', '21:45:00', '07:00:00', '-7.0345,112.7436', '-7.0345,112.7436', '127.0.0.1', '127.0.0.1', 'Hadir', '2026-02-02 01:00:00', '2026-02-02 09:00:00'),
(49, 2, 2, '2026-02-03', '13:50:00', '21:00:00', '-7.0345,112.7436', '-7.0345,112.7436', '127.0.0.1', '127.0.0.1', 'Hadir', '2026-02-03 01:00:00', '2026-02-03 09:00:00'),
(50, 2, 2, '2026-02-04', '13:50:00', '21:00:00', '-7.0345,112.7436', '-7.0345,112.7436', '127.0.0.1', '127.0.0.1', 'Hadir', '2026-02-04 01:00:00', '2026-02-04 09:00:00'),
(51, 2, 1, '2026-02-05', NULL, '22:06:20', NULL, '-7.0287277615618,112.75106434863', NULL, '127.0.0.1', 'Izin', '2026-02-04 17:00:00', '2026-01-27 08:06:20'),
(52, 2, 3, '2026-02-06', '21:45:00', '07:00:00', '-7.0345,112.7436', '-7.0345,112.7436', '127.0.0.1', '127.0.0.1', 'Hadir', '2026-02-06 01:00:00', '2026-02-06 09:00:00'),
(53, 2, 1, '2026-02-07', '06:55:00', '14:00:00', '-7.0345,112.7436', '-7.0345,112.7436', '127.0.0.1', '127.0.0.1', 'Hadir', '2026-02-07 01:00:00', '2026-02-07 09:00:00'),
(54, 2, 2, '2026-02-09', '13:50:00', '21:00:00', '-7.0345,112.7436', '-7.0345,112.7436', '127.0.0.1', '127.0.0.1', 'Hadir', '2026-02-09 01:00:00', '2026-02-09 09:00:00'),
(55, 2, 3, '2026-02-10', '21:45:00', '07:00:00', '-7.0345,112.7436', '-7.0345,112.7436', '127.0.0.1', '127.0.0.1', 'Hadir', '2026-02-10 01:00:00', '2026-02-10 09:00:00'),
(56, 2, 3, '2026-02-12', '21:45:00', '07:00:00', '-7.0345,112.7436', '-7.0345,112.7436', '127.0.0.1', '127.0.0.1', 'Hadir', '2026-02-12 01:00:00', '2026-02-12 09:00:00'),
(57, 2, 1, '2026-02-13', '06:55:00', '14:00:00', '-7.0345,112.7436', '-7.0345,112.7436', '127.0.0.1', '127.0.0.1', 'Hadir', '2026-02-13 01:00:00', '2026-02-13 09:00:00'),
(58, 2, 2, '2026-02-14', '13:50:00', '21:00:00', '-7.0345,112.7436', '-7.0345,112.7436', '127.0.0.1', '127.0.0.1', 'Hadir', '2026-02-14 01:00:00', '2026-02-14 09:00:00'),
(59, 2, 2, '2026-02-16', '13:50:00', '21:00:00', '-7.0345,112.7436', '-7.0345,112.7436', '127.0.0.1', '127.0.0.1', 'Hadir', '2026-02-16 01:00:00', '2026-02-16 09:00:00'),
(60, 2, 1, '2026-02-17', '06:55:00', '14:00:00', '-7.0345,112.7436', '-7.0345,112.7436', '127.0.0.1', '127.0.0.1', 'Hadir', '2026-02-17 01:00:00', '2026-02-17 09:00:00'),
(61, 2, 1, '2026-02-18', '06:55:00', '14:00:00', '-7.0345,112.7436', '-7.0345,112.7436', '127.0.0.1', '127.0.0.1', 'Hadir', '2026-02-18 01:00:00', '2026-02-18 09:00:00'),
(62, 2, 2, '2026-02-19', '13:50:00', '21:00:00', '-7.0345,112.7436', '-7.0345,112.7436', '127.0.0.1', '127.0.0.1', 'Hadir', '2026-02-19 01:00:00', '2026-02-19 09:00:00'),
(63, 2, 2, '2026-02-21', '14:12:00', '21:00:00', '-7.0345,112.7436', '-7.0345,112.7436', '127.0.0.1', '127.0.0.1', 'Hadir (Terlambat)', '2026-02-21 01:00:00', '2026-02-21 09:00:00'),
(64, 2, 3, '2026-02-23', '22:10:00', '07:00:00', '-7.0345,112.7436', '-7.0345,112.7436', '127.0.0.1', '127.0.0.1', 'Hadir (Terlambat)', '2026-02-23 01:00:00', '2026-02-23 09:00:00'),
(65, 2, 1, '2026-02-24', '06:55:00', '14:00:00', '-7.0345,112.7436', '-7.0345,112.7436', '127.0.0.1', '127.0.0.1', 'Hadir', '2026-02-24 01:00:00', '2026-02-24 09:00:00'),
(66, 2, 2, '2026-02-25', '13:50:00', '21:00:00', '-7.0345,112.7436', '-7.0345,112.7436', '127.0.0.1', '127.0.0.1', 'Hadir', '2026-02-25 01:00:00', '2026-02-25 09:00:00'),
(67, 2, 1, '2026-02-26', '06:55:00', '14:00:00', '-7.0345,112.7436', '-7.0345,112.7436', '127.0.0.1', '127.0.0.1', 'Hadir', '2026-02-26 01:00:00', '2026-02-26 09:00:00'),
(68, 2, 1, '2026-02-27', '06:55:00', '14:00:00', '-7.0345,112.7436', '-7.0345,112.7436', '127.0.0.1', '127.0.0.1', 'Hadir', '2026-02-27 01:00:00', '2026-02-27 09:00:00'),
(69, 5, 2, '2026-01-25', '14:00:00', '21:00:00', '-7.125234201584278,112.7249925945326', '-7.125234201584278,112.7249925945326', '127.0.0.1', '127.0.0.1', 'Hadir', '2026-01-25 06:18:05', '2026-01-25 06:18:05'),
(71, 2, 3, '2026-01-27', '21:00:00', '07:00:00', '-7.1252662974681895,112.72495720382015', '-7.1252662974681895,112.72495720382015', '127.0.0.1', '127.0.0.1', 'Hadir', '2026-01-28 06:17:26', '2026-01-28 06:17:26'),
(96, 3, 1, '2026-01-28', '07:10:00', '14:00:00', '-7.125240585882744,112.7249850434088', '-7.125244531556204,112.72499198111205', '127.0.0.1', '127.0.0.1', 'hadir', '2026-01-28 07:31:50', '2026-01-28 07:34:25'),
(98, 2, 3, '2026-01-28', '21:48:00', '07:50:00', '-7.1252403973106,112.7249848323', '-7.049503422095161,112.72983996242598', '127.0.0.1', '127.0.0.1', 'Hadir (Terlambat)', '2026-01-28 07:48:26', '2026-01-28 23:50:34'),
(100, 2, 1, '2026-01-29', '13:53:42', '14:01:27', '-7.0495019706352,112.72983680658', '-7.0495034220952,112.72984191934', '127.0.0.1', '127.0.0.1', 'Hadir (Terlambat)', '2026-01-28 23:53:42', '2026-01-29 00:01:27');

-- --------------------------------------------------------

--
-- Struktur dari tabel `migrations`
--

CREATE TABLE `migrations` (
  `id` int(10) UNSIGNED NOT NULL,
  `migration` varchar(255) NOT NULL,
  `batch` int(11) NOT NULL
) ENGINE=InnoDB DEFAULT CHARSET=utf8mb4 COLLATE=utf8mb4_unicode_ci;

--
-- Dumping data untuk tabel `migrations`
--

INSERT INTO `migrations` (`id`, `migration`, `batch`) VALUES
(1, '0001_01_01_000000_create_departemens_table', 1),
(2, '0001_01_01_000001_create_cache_table', 1),
(3, '0001_01_01_000001_create_shifts_table', 1),
(4, '0001_01_01_000002_create_jobs_table', 1),
(5, '0001_01_01_000002_create_users_table', 1),
(6, '0001_01_01_000003_create_kehadirans_table', 1),
(7, '0001_01_01_000004_create_pengajuans_table', 1),
(8, '2026_01_20_102459_add_settings_to_users_table', 2),
(9, '2026_01_20_111514_remove_notif_email_from_users_table', 3),
(11, '2026_01_20_112558_change_email_and_nik_to_basic_column', 4),
(12, '2026_01_20_114312_add_kode_pengajuan_to_pengajuans_table', 5),
(13, '2026_01_21_080821_create_jabatans_table', 5),
(14, '2026_01_21_080821_create_units_table', 5),
(15, '2026_01_21_081440_alter_users_table_add_unit_jabatan', 6),
(16, '2026_01_21_082006_drop_departemen_table', 7),
(17, '2026_01_21_092549_add_nopeg_and_gender_to_users_table', 8),
(18, '2026_01_23_080029_create_jadwals_table', 9),
(19, '2026_01_24_133117_seed_additional_shifts', 10),
(20, '2026_01_27_125516_create_notifications_table', 11);

-- --------------------------------------------------------

--
-- Struktur dari tabel `notifications`
--

CREATE TABLE `notifications` (
  `id` char(36) NOT NULL,
  `type` varchar(255) NOT NULL,
  `notifiable_type` varchar(255) NOT NULL,
  `notifiable_id` bigint(20) UNSIGNED NOT NULL,
  `data` text NOT NULL,
  `read_at` timestamp NULL DEFAULT NULL,
  `created_at` timestamp NULL DEFAULT NULL,
  `updated_at` timestamp NULL DEFAULT NULL
) ENGINE=InnoDB DEFAULT CHARSET=utf8mb4 COLLATE=utf8mb4_unicode_ci;

--
-- Dumping data untuk tabel `notifications`
--

INSERT INTO `notifications` (`id`, `type`, `notifiable_type`, `notifiable_id`, `data`, `read_at`, `created_at`, `updated_at`) VALUES
('001f6c13-5538-47d8-b084-09f89ed06a4b', 'App\\Notifications\\AbsensiNotification', 'App\\Models\\User', 2, '{\"message\":\"Waktunya Check-in!\",\"url\":\"http:\\/\\/127.0.0.1:8000\\/kehadiran\"}', '2026-01-28 07:09:40', '2026-01-28 07:09:35', '2026-01-28 07:09:40'),
('0065282c-0945-4605-aa0b-b3a0720d4fec', 'App\\Notifications\\StatusPengajuanNotification', 'App\\Models\\User', 2, '{\"pengajuan_id\":22,\"jenis\":\"Izin\",\"status\":\"Ditolak\",\"pesan\":\"Pengajuan Izin Anda telah Ditolak\"}', '2026-01-27 07:21:05', '2026-01-27 07:20:35', '2026-01-27 07:21:05'),
('0706dfa6-ac04-4520-bb0c-ceaa73a1128c', 'App\\Notifications\\StatusPengajuanNotification', 'App\\Models\\User', 2, '{\"pengajuan_id\":23,\"jenis\":\"Izin\",\"status\":\"Disetujui\",\"pesan\":\"Pengajuan Izin Anda telah Disetujui\"}', '2026-01-27 07:57:16', '2026-01-27 07:22:15', '2026-01-27 07:57:16'),
('09702a52-4cea-450c-b35a-6865033392fd', 'App\\Notifications\\AbsensiNotification', 'App\\Models\\User', 2, '{\"message\":\"Waktunya Check-in!\",\"url\":\"http:\\/\\/127.0.0.1:8000\\/kehadiran\"}', '2026-01-28 06:31:44', '2026-01-28 06:31:29', '2026-01-28 06:31:44'),
('09f3b79b-81a0-4753-ad1b-dcff52500c65', 'App\\Notifications\\StatusPengajuanNotification', 'App\\Models\\User', 2, '{\"pengajuan_id\":43,\"jenis\":\"Sakit\",\"status\":\"Disetujui\",\"pesan\":\"Pengajuan Sakit Anda telah Disetujui\"}', '2026-01-27 08:03:32', '2026-01-27 08:02:14', '2026-01-27 08:03:32'),
('0b53dd97-e4a1-4bda-aaba-4d8537e6f197', 'App\\Notifications\\AbsensiNotification', 'App\\Models\\User', 2, '{\"message\":\"Waktunya Check-in!\",\"url\":\"http:\\/\\/127.0.0.1:8000\\/kehadiran\"}', '2026-01-27 08:05:57', '2026-01-27 08:03:58', '2026-01-27 08:05:57'),
('10b21620-4295-4e7c-8f04-b141cec9ff2b', 'App\\Notifications\\StatusPengajuanNotification', 'App\\Models\\User', 2, '{\"pengajuan_id\":39,\"jenis\":\"Izin\",\"status\":\"Disetujui\",\"pesan\":\"Pengajuan Izin Anda telah Disetujui\"}', '2026-01-27 07:57:16', '2026-01-27 07:56:20', '2026-01-27 07:57:16'),
('12a38e80-c404-46a3-bdb8-8bfabbfbcec4', 'App\\Notifications\\AbsensiNotification', 'App\\Models\\User', 2, '{\"message\":\"Waktunya Check-in!\",\"url\":\"http:\\/\\/127.0.0.1:8000\\/kehadiran\"}', '2026-01-28 07:09:33', '2026-01-28 07:09:25', '2026-01-28 07:09:33'),
('166500ce-932b-458f-9d3c-f64c55ac8c36', 'App\\Notifications\\AbsensiNotification', 'App\\Models\\User', 2, '{\"message\":\"Waktunya Check-in!\",\"url\":\"http:\\/\\/127.0.0.1:8000\\/kehadiran\"}', '2026-01-27 07:21:05', '2026-01-27 07:19:59', '2026-01-27 07:21:05'),
('1bbab301-5aed-44c5-b1fe-9edf0b176aa9', 'App\\Notifications\\StatusPengajuanNotification', 'App\\Models\\User', 2, '{\"pengajuan_id\":45,\"jenis\":\"Sakit\",\"status\":\"Disetujui\",\"pesan\":\"Pengajuan Sakit Anda telah Disetujui\"}', '2026-01-27 08:03:32', '2026-01-27 08:02:56', '2026-01-27 08:03:32'),
('1fed313c-5a4e-45b5-91d9-21f612a3e6b8', 'App\\Notifications\\StatusPengajuanNotification', 'App\\Models\\User', 2, '{\"pengajuan_id\":32,\"jenis\":\"Izin\",\"status\":\"Disetujui\",\"pesan\":\"Pengajuan Izin Anda telah Disetujui\"}', '2026-01-27 07:57:16', '2026-01-27 07:47:48', '2026-01-27 07:57:16'),
('21b4dbcf-2104-4190-9216-518c9a21daa4', 'App\\Notifications\\StatusPengajuanNotification', 'App\\Models\\User', 2, '{\"pengajuan_id\":27,\"jenis\":\"Izin\",\"status\":\"Disetujui\",\"pesan\":\"Pengajuan Izin Anda telah Disetujui\"}', '2026-01-27 07:57:16', '2026-01-27 07:34:38', '2026-01-27 07:57:16'),
('28032971-1384-4375-998d-c45b40ddf313', 'App\\Notifications\\AbsensiNotification', 'App\\Models\\User', 2, '{\"message\":\"Waktunya Check-in!\",\"url\":\"http:\\/\\/127.0.0.1:8000\\/kehadiran\"}', '2026-01-28 07:04:43', '2026-01-28 07:04:29', '2026-01-28 07:04:43'),
('2e1749b6-3fef-4497-b71f-6f754ee9042a', 'App\\Notifications\\StatusPengajuanNotification', 'App\\Models\\User', 2, '{\"pengajuan_id\":35,\"jenis\":\"Sakit\",\"status\":\"Disetujui\",\"pesan\":\"Pengajuan Sakit Anda telah Disetujui\"}', '2026-01-27 07:57:16', '2026-01-27 07:53:05', '2026-01-27 07:57:16'),
('42e0aaae-2dfc-489f-a475-da61206a82e9', 'App\\Notifications\\StatusPengajuanNotification', 'App\\Models\\User', 2, '{\"pengajuan_id\":19,\"jenis\":\"Cuti\",\"status\":\"Disetujui\",\"pesan\":\"Pengajuan Cuti Anda telah Disetujui\"}', '2026-01-27 06:18:17', '2026-01-27 06:17:38', '2026-01-27 06:18:17'),
('483763c2-fc7c-43d6-8a02-8f34b6f487b7', 'App\\Notifications\\StatusPengajuanNotification', 'App\\Models\\User', 2, '{\"pengajuan_id\":42,\"jenis\":\"Cuti\",\"status\":\"Disetujui\",\"pesan\":\"Pengajuan Cuti Anda telah Disetujui\"}', '2026-01-27 08:03:32', '2026-01-27 08:01:40', '2026-01-27 08:03:32'),
('4b76518f-4517-4a4a-9abe-a11cbc9e197d', 'App\\Notifications\\StatusPengajuanNotification', 'App\\Models\\User', 2, '{\"pengajuan_id\":25,\"jenis\":\"Izin\",\"status\":\"Disetujui\",\"pesan\":\"Pengajuan Izin Anda telah Disetujui\"}', '2026-01-27 07:57:16', '2026-01-27 07:30:25', '2026-01-27 07:57:16'),
('4d2cad97-28a0-4ede-bca1-fd6674652a7d', 'App\\Notifications\\StatusPengajuanNotification', 'App\\Models\\User', 2, '{\"pengajuan_id\":50,\"jenis\":\"Sakit\",\"status\":\"Ditolak\",\"pesan\":\"Pengajuan Sakit Anda telah Ditolak\"}', '2026-01-28 06:35:37', '2026-01-28 06:35:01', '2026-01-28 06:35:37'),
('54d93b15-de1c-4fd8-bcd7-b1d0da40c5b2', 'App\\Notifications\\StatusPengajuanNotification', 'App\\Models\\User', 2, '{\"pengajuan_id\":21,\"jenis\":\"Izin\",\"status\":\"Disetujui\",\"pesan\":\"Pengajuan Izin Anda telah Disetujui\"}', '2026-01-27 07:08:13', '2026-01-27 07:06:54', '2026-01-27 07:08:13'),
('565964ee-ee70-4bab-80b9-dd275902209e', 'App\\Notifications\\AbsensiNotification', 'App\\Models\\User', 2, '{\"message\":\"Waktunya Check-in!\",\"url\":\"http:\\/\\/127.0.0.1:8000\\/kehadiran\"}', '2026-01-27 07:17:09', '2026-01-27 07:17:06', '2026-01-27 07:17:09'),
('56ba77d7-1a63-4354-9e90-7ca0fb25da47', 'App\\Notifications\\StatusPengajuanNotification', 'App\\Models\\User', 2, '{\"pengajuan_id\":36,\"jenis\":\"Sakit\",\"status\":\"Disetujui\",\"pesan\":\"Pengajuan Sakit Anda telah Disetujui\"}', '2026-01-27 07:57:16', '2026-01-27 07:53:32', '2026-01-27 07:57:16'),
('57001f8b-88f0-4463-9589-f305d294b3bd', 'App\\Notifications\\AbsensiNotification', 'App\\Models\\User', 2, '{\"message\":\"Waktunya Check-in!\",\"url\":\"http:\\/\\/127.0.0.1:8000\\/kehadiran\"}', '2026-01-27 07:10:22', '2026-01-27 07:10:05', '2026-01-27 07:10:22'),
('5fa15372-11b0-4513-ac28-521cd01b4b53', 'App\\Notifications\\StatusPengajuanNotification', 'App\\Models\\User', 2, '{\"pengajuan_id\":51,\"jenis\":\"Cuti\",\"status\":\"Disetujui\",\"pesan\":\"Pengajuan Cuti Anda telah Disetujui\"}', '2026-01-28 06:35:37', '2026-01-28 06:35:03', '2026-01-28 06:35:37'),
('6014a9b4-ad2c-4e87-a68e-a2b9d9f3d567', 'App\\Notifications\\AbsensiNotification', 'App\\Models\\User', 2, '{\"message\":\"Waktunya Check-in!\",\"url\":\"http:\\/\\/127.0.0.1:8000\\/kehadiran\"}', '2026-01-27 07:19:17', '2026-01-27 07:17:18', '2026-01-27 07:19:17'),
('60e9e1d7-2c1b-4fe5-8442-d8fd55fcd062', 'App\\Notifications\\AbsensiNotification', 'App\\Models\\User', 2, '{\"message\":\"Waktunya Check-in!\",\"url\":\"http:\\/\\/127.0.0.1:8000\\/kehadiran\"}', '2026-01-27 07:57:16', '2026-01-27 07:21:08', '2026-01-27 07:57:16'),
('61cf9098-8de8-4b7c-8683-45a8e1ae76f7', 'App\\Notifications\\AbsensiNotification', 'App\\Models\\User', 2, '{\"message\":\"Waktunya Check-out!\",\"url\":\"http:\\/\\/127.0.0.1:8000\\/kehadiran\"}', '2026-01-28 13:24:53', '2026-01-27 08:05:58', '2026-01-27 08:05:58'),
('6333dcb5-fb39-4447-93e2-21feee520aec', 'App\\Notifications\\AbsensiNotification', 'App\\Models\\User', 2, '{\"message\":\"Waktunya Check-out!\",\"url\":\"http:\\/\\/127.0.0.1:8000\\/kehadiran\"}', '2026-01-29 00:01:11', '2026-01-29 00:00:59', '2026-01-29 00:01:11'),
('636b23c7-5959-444a-ba56-4350d55ce4af', 'App\\Notifications\\AbsensiNotification', 'App\\Models\\User', 2, '{\"message\":\"Waktunya Check-in!\",\"url\":\"http:\\/\\/127.0.0.1:8000\\/kehadiran\"}', '2026-01-27 08:03:56', '2026-01-27 08:03:53', '2026-01-27 08:03:56'),
('638b47b8-7199-4808-89dd-af0f892b33f4', 'App\\Notifications\\AbsensiNotification', 'App\\Models\\User', 2, '{\"message\":\"Waktunya Check-in!\",\"url\":\"http:\\/\\/127.0.0.1:8000\\/kehadiran\"}', '2026-01-28 06:55:46', '2026-01-28 06:52:41', '2026-01-28 06:55:46'),
('654d709b-722a-451c-80e5-a05837fbc9ac', 'App\\Notifications\\StatusPengajuanNotification', 'App\\Models\\User', 4, '{\"pengajuan_id\":52,\"jenis\":\"Sakit\",\"status\":\"Disetujui\",\"pesan\":\"Pengajuan Sakit Anda telah Disetujui\"}', NULL, '2026-01-29 01:35:07', '2026-01-29 01:35:07'),
('67c48edf-4c4f-4604-8c15-afe5700933c2', 'App\\Notifications\\AbsensiNotification', 'App\\Models\\User', 2, '{\"message\":\"Waktunya Check-out!\",\"url\":\"http:\\/\\/127.0.0.1:8000\\/kehadiran\"}', '2026-01-28 06:35:37', '2026-01-28 06:33:13', '2026-01-28 06:35:37'),
('6c8c8612-8903-45c2-93a0-2d2478a27088', 'App\\Notifications\\StatusPengajuanNotification', 'App\\Models\\User', 5, '{\"pengajuan_id\":33,\"jenis\":\"Sakit\",\"status\":\"Disetujui\",\"pesan\":\"Pengajuan Sakit Anda telah Disetujui\"}', NULL, '2026-01-27 07:49:23', '2026-01-27 07:49:23'),
('7065f349-b290-4680-a89c-835cbb24454c', 'App\\Notifications\\StatusPengajuanNotification', 'App\\Models\\User', 2, '{\"pengajuan_id\":5,\"jenis\":\"Sakit\",\"status\":\"Disetujui\",\"pesan\":\"Pengajuan Sakit Anda telah Disetujui\"}', '2026-01-27 06:25:36', '2026-01-27 06:25:18', '2026-01-27 06:25:36'),
('7a865135-0f4c-471a-bac0-219e3693e707', 'App\\Notifications\\StatusPengajuanNotification', 'App\\Models\\User', 2, '{\"pengajuan_id\":24,\"jenis\":\"Izin\",\"status\":\"Disetujui\",\"pesan\":\"Pengajuan Izin Anda telah Disetujui\"}', '2026-01-27 07:57:16', '2026-01-27 07:29:51', '2026-01-27 07:57:16'),
('7dcd816a-a312-419d-abf4-8eeefe6a79fb', 'App\\Notifications\\StatusPengajuanNotification', 'App\\Models\\User', 2, '{\"pengajuan_id\":46,\"jenis\":\"Izin\",\"status\":\"Disetujui\",\"pesan\":\"Pengajuan Izin Anda telah Disetujui\"}', '2026-01-27 08:03:32', '2026-01-27 08:03:09', '2026-01-27 08:03:32'),
('8541ad64-8ccd-43ca-88b6-4e49985e6ed5', 'App\\Notifications\\StatusPengajuanNotification', 'App\\Models\\User', 2, '{\"pengajuan_id\":40,\"jenis\":\"Cuti\",\"status\":\"Disetujui\",\"pesan\":\"Pengajuan Cuti Anda telah Disetujui\"}', '2026-01-27 08:03:32', '2026-01-27 08:00:10', '2026-01-27 08:03:32'),
('944f199d-37db-40f3-b7a9-4e31594cf63c', 'App\\Notifications\\StatusPengajuanNotification', 'App\\Models\\User', 2, '{\"pengajuan_id\":38,\"jenis\":\"Sakit\",\"status\":\"Disetujui\",\"pesan\":\"Pengajuan Sakit Anda telah Disetujui\"}', '2026-01-27 07:57:16', '2026-01-27 07:55:41', '2026-01-27 07:57:16'),
('a1598b0f-117c-4fc3-968a-644f63a7d64f', 'App\\Notifications\\StatusPengajuanNotification', 'App\\Models\\User', 2, '{\"pengajuan_id\":41,\"jenis\":\"Cuti\",\"status\":\"Ditolak\",\"pesan\":\"Pengajuan Cuti Anda telah Ditolak\"}', '2026-01-27 08:03:32', '2026-01-27 08:02:08', '2026-01-27 08:03:32'),
('a6a75b1a-ac0d-42eb-96c1-bc861ba061bd', 'App\\Notifications\\AbsensiNotification', 'App\\Models\\User', 2, '{\"message\":\"Waktunya Check-in!\",\"url\":\"http:\\/\\/127.0.0.1:8000\\/kehadiran\"}', '2026-01-27 07:19:57', '2026-01-27 07:19:23', '2026-01-27 07:19:57'),
('a98525c9-2f83-4433-8b3a-0f82509fe9c1', 'App\\Notifications\\StatusPengajuanNotification', 'App\\Models\\User', 2, '{\"pengajuan_id\":7,\"jenis\":\"Cuti\",\"status\":\"Ditolak\",\"pesan\":\"Pengajuan Cuti Anda telah Ditolak\"}', '2026-01-27 06:14:46', '2026-01-27 06:14:14', '2026-01-27 06:14:46'),
('ae750baf-6b66-4612-acc6-5e27b834540c', 'App\\Notifications\\StatusPengajuanNotification', 'App\\Models\\User', 2, '{\"pengajuan_id\":29,\"jenis\":\"Izin\",\"status\":\"Disetujui\",\"pesan\":\"Pengajuan Izin Anda telah Disetujui\"}', '2026-01-27 07:57:16', '2026-01-27 07:37:12', '2026-01-27 07:57:16'),
('aec52b2a-e86a-4224-8d2f-7d5f600d2766', 'App\\Notifications\\AbsensiNotification', 'App\\Models\\User', 2, '{\"message\":\"Waktunya Check-in!\",\"url\":\"http:\\/\\/127.0.0.1:8000\\/kehadiran\"}', '2026-01-28 23:53:43', '2026-01-28 23:53:39', '2026-01-28 23:53:43'),
('b312ae95-9467-4b2d-83f7-651cf66bef3c', 'App\\Notifications\\StatusPengajuanNotification', 'App\\Models\\User', 2, '{\"pengajuan_id\":31,\"jenis\":\"Izin\",\"status\":\"Disetujui\",\"pesan\":\"Pengajuan Izin Anda telah Disetujui\"}', '2026-01-27 07:57:16', '2026-01-27 07:41:35', '2026-01-27 07:57:16'),
('b3e8ddcf-f9ab-41cb-a5e2-a2985fd531de', 'App\\Notifications\\StatusPengajuanNotification', 'App\\Models\\User', 2, '{\"pengajuan_id\":26,\"jenis\":\"Izin\",\"status\":\"Disetujui\",\"pesan\":\"Pengajuan Izin Anda telah Disetujui\"}', '2026-01-27 07:57:16', '2026-01-27 07:33:38', '2026-01-27 07:57:16'),
('c4250448-4d8e-4681-b75c-6467ac7d83a5', 'App\\Notifications\\AbsensiNotification', 'App\\Models\\User', 2, '{\"message\":\"Waktunya Check-in!\",\"url\":\"http:\\/\\/127.0.0.1:8000\\/kehadiran\"}', '2026-01-27 07:12:43', '2026-01-27 07:10:46', '2026-01-27 07:12:43'),
('c5bc8d2c-f6c0-4512-b298-ceb66fe74fd1', 'App\\Notifications\\AbsensiNotification', 'App\\Models\\User', 2, '{\"message\":\"Waktunya Check-in!\",\"url\":\"http:\\/\\/127.0.0.1:8000\\/kehadiran\"}', '2026-01-28 07:04:57', '2026-01-28 07:04:53', '2026-01-28 07:04:57'),
('cc648b9b-495c-4adf-896d-c61440b7e56e', 'App\\Notifications\\StatusPengajuanNotification', 'App\\Models\\User', 2, '{\"pengajuan_id\":30,\"jenis\":\"Izin\",\"status\":\"Disetujui\",\"pesan\":\"Pengajuan Izin Anda telah Disetujui\"}', '2026-01-27 07:57:16', '2026-01-27 07:41:04', '2026-01-27 07:57:16'),
('dbcd065d-7aa2-493f-af71-48e8a537d6bc', 'App\\Notifications\\StatusPengajuanNotification', 'App\\Models\\User', 5, '{\"pengajuan_id\":34,\"jenis\":\"Izin\",\"status\":\"Disetujui\",\"pesan\":\"Pengajuan Izin Anda telah Disetujui\"}', NULL, '2026-01-27 07:49:47', '2026-01-27 07:49:47'),
('e5c3ea2f-5739-4af9-a10f-fe560edd32c1', 'App\\Notifications\\StatusPengajuanNotification', 'App\\Models\\User', 5, '{\"pengajuan_id\":37,\"jenis\":\"Sakit\",\"status\":\"Disetujui\",\"pesan\":\"Pengajuan Sakit Anda telah Disetujui\"}', NULL, '2026-01-27 07:55:17', '2026-01-27 07:55:17'),
('e7ee9982-2fe1-4da5-b66b-8e80ca2f2af5', 'App\\Notifications\\AbsensiNotification', 'App\\Models\\User', 2, '{\"message\":\"Waktunya Check-out!\",\"url\":\"http:\\/\\/127.0.0.1:8000\\/kehadiran\"}', '2026-01-27 08:05:57', '2026-01-27 08:05:45', '2026-01-27 08:05:57'),
('e9c44287-2cce-4889-8557-d0524a530ad2', 'App\\Notifications\\AbsensiNotification', 'App\\Models\\User', 2, '{\"message\":\"Waktunya Check-in!\",\"url\":\"http:\\/\\/127.0.0.1:8000\\/kehadiran\"}', '2026-01-28 23:52:12', '2026-01-28 23:51:55', '2026-01-28 23:52:12'),
('ee89d49f-1847-44a1-b2fd-eb5374912cc1', 'App\\Notifications\\StatusPengajuanNotification', 'App\\Models\\User', 2, '{\"pengajuan_id\":44,\"jenis\":\"Cuti\",\"status\":\"Disetujui\",\"pesan\":\"Pengajuan Cuti Anda telah Disetujui\"}', '2026-01-27 08:03:32', '2026-01-27 08:02:36', '2026-01-27 08:03:32'),
('f0ccae49-7226-4d4c-b335-3e8de8a19758', 'App\\Notifications\\StatusPengajuanNotification', 'App\\Models\\User', 2, '{\"pengajuan_id\":18,\"jenis\":\"Cuti\",\"status\":\"Disetujui\",\"pesan\":\"Pengajuan Cuti Anda telah Disetujui\"}', '2026-01-27 06:14:46', '2026-01-27 06:13:53', '2026-01-27 06:14:46'),
('f20a01e4-a73c-43be-8d9e-96a896b2ef13', 'App\\Notifications\\AbsensiNotification', 'App\\Models\\User', 2, '{\"message\":\"Waktunya Check-in!\",\"url\":\"http:\\/\\/127.0.0.1:8000\\/kehadiran\"}', '2026-01-27 07:10:41', '2026-01-27 07:10:39', '2026-01-27 07:10:41'),
('f3b5ac03-ad7b-4314-ab59-2600a1f530be', 'App\\Notifications\\AbsensiNotification', 'App\\Models\\User', 2, '{\"message\":\"Waktunya Check-in!\",\"url\":\"http:\\/\\/127.0.0.1:8000\\/kehadiran\"}', '2026-01-28 07:48:27', '2026-01-28 07:48:21', '2026-01-28 07:48:27'),
('f44f212b-78b8-4883-a2de-d6a91c9ebefc', 'App\\Notifications\\AbsensiNotification', 'App\\Models\\User', 2, '{\"message\":\"Waktunya Check-in!\",\"url\":\"http:\\/\\/127.0.0.1:8000\\/kehadiran\"}', '2026-01-28 07:04:52', '2026-01-28 07:04:48', '2026-01-28 07:04:52'),
('f6211864-bba9-4273-a9c7-7e3acbedf1e9', 'App\\Notifications\\AbsensiNotification', 'App\\Models\\User', 2, '{\"message\":\"Waktunya Check-out!\",\"url\":\"http:\\/\\/127.0.0.1:8000\\/kehadiran\"}', '2026-01-29 00:01:28', '2026-01-29 00:01:17', '2026-01-29 00:01:28');

-- --------------------------------------------------------

--
-- Struktur dari tabel `password_reset_tokens`
--

CREATE TABLE `password_reset_tokens` (
  `email` varchar(255) NOT NULL,
  `token` varchar(255) NOT NULL,
  `created_at` timestamp NULL DEFAULT NULL
) ENGINE=InnoDB DEFAULT CHARSET=utf8mb4 COLLATE=utf8mb4_unicode_ci;

-- --------------------------------------------------------

--
-- Struktur dari tabel `pengajuans`
--

CREATE TABLE `pengajuans` (
  `id` bigint(20) UNSIGNED NOT NULL,
  `kode_pengajuan` varchar(50) NOT NULL,
  `user_id` bigint(20) UNSIGNED NOT NULL,
  `jenis_pengajuan` enum('Cuti','Sakit','Izin') NOT NULL,
  `tgl_mulai` date NOT NULL,
  `tgl_selesai` date NOT NULL,
  `alasan` text NOT NULL,
  `bukti` varchar(255) DEFAULT NULL,
  `status` enum('Pending','Disetujui','Ditolak') NOT NULL DEFAULT 'Pending',
  `created_at` timestamp NULL DEFAULT NULL,
  `updated_at` timestamp NULL DEFAULT NULL
) ENGINE=InnoDB DEFAULT CHARSET=utf8mb4 COLLATE=utf8mb4_unicode_ci;

--
-- Dumping data untuk tabel `pengajuans`
--

INSERT INTO `pengajuans` (`id`, `kode_pengajuan`, `user_id`, `jenis_pengajuan`, `tgl_mulai`, `tgl_selesai`, `alasan`, `bukti`, `status`, `created_at`, `updated_at`) VALUES
(1, 'OLD-1-176', 3, 'Sakit', '2026-01-11', '2026-01-12', 'Demam tinggi, butuh istirahat.', '1768823644_Screenshot (1).png', 'Pending', '2026-01-10 11:53:54', '2026-01-19 04:54:04'),
(2, 'OLD-2-186', 2, 'Cuti', '2026-01-20', '2026-01-21', 'ada urusan keluarga', NULL, 'Disetujui', '2026-01-19 04:45:12', '2026-01-19 04:45:28'),
(3, 'OLD-3-402', 3, 'Sakit', '2026-01-15', '2026-01-20', 'yela', NULL, 'Disetujui', '2026-01-19 04:52:33', '2026-01-19 04:52:51'),
(4, 'OLD-4-453', 4, 'Sakit', '2026-01-01', '2026-01-07', '6', '1768823778_Screenshot (30).png', 'Ditolak', '2026-01-19 04:56:18', '2026-01-19 04:56:34'),
(5, 'OLD-5-58', 2, 'Sakit', '2026-01-01', '2026-01-08', 'y', '1768825157_Screenshot (32).png', 'Disetujui', '2026-01-19 05:19:17', '2026-01-27 06:25:18'),
(6, 'AMM-20260120-J3BGV', 5, 'Sakit', '2026-01-20', '2026-01-22', 'sakit pak', '1768910384_Screenshot (223).png', 'Pending', '2026-01-20 04:59:44', '2026-01-20 04:59:44'),
(7, 'AMM-20260120-YXZRE', 2, 'Cuti', '2026-01-31', '2026-02-18', 'mau liburan', NULL, 'Ditolak', '2026-01-20 05:00:49', '2026-01-27 06:14:14'),
(8, 'AMM-20260120-1RN3T', 2, 'Sakit', '2026-01-20', '2026-01-23', 'iye', '1768912441_Screenshot (50).png', 'Disetujui', '2026-01-20 05:34:01', '2026-01-20 05:37:16'),
(9, 'AMM-20260120-4ZZD9', 2, 'Sakit', '2026-01-20', '2026-01-22', 'r', '1768912590_Screenshot (31).png', 'Ditolak', '2026-01-20 05:36:30', '2026-01-20 05:37:04'),
(10, 'AMM-20260120-WLDIR', 2, 'Cuti', '2026-01-12', '2026-01-21', 's', '1768912873_Screenshot (65).png', 'Ditolak', '2026-01-20 05:41:13', '2026-01-20 05:42:24'),
(11, 'AMM-20260120-DICGP', 2, 'Sakit', '2026-01-14', '2026-01-16', 's', '1768913319_Screenshot (66).png', 'Disetujui', '2026-01-20 05:48:39', '2026-01-20 05:49:16'),
(12, 'AMM-20260120-59U6A', 4, 'Sakit', '2025-12-31', '2026-01-01', 'x', NULL, 'Ditolak', '2026-01-20 05:49:36', '2026-01-20 05:49:45'),
(13, 'AMM-20260120-4D0PU', 2, 'Izin', '2026-01-20', '2026-01-21', 's', NULL, 'Disetujui', '2026-01-20 06:00:15', '2026-01-20 06:01:00'),
(14, 'AMM-20260120-3RTTY', 2, 'Cuti', '2026-01-20', '2026-01-23', 'ko;iiig', NULL, 'Disetujui', '2026-01-20 06:01:36', '2026-01-20 06:01:39'),
(15, 'AMM-20260120-12B9S', 2, 'Cuti', '2026-01-23', '2026-01-24', 'lpl', NULL, 'Disetujui', '2026-01-20 06:08:24', '2026-01-20 06:11:45'),
(16, 'AMM-20260120-7U7U4', 2, 'Cuti', '2026-01-24', '2026-01-27', 'deded', NULL, 'Disetujui', '2026-01-20 06:33:43', '2026-01-20 06:37:12'),
(17, 'AMM-20260120-QWSYA', 2, 'Sakit', '2026-01-21', '2026-01-22', 'x', '1768916090_Screenshot (67).png', 'Disetujui', '2026-01-20 06:34:50', '2026-01-20 06:36:28'),
(18, 'AMM-20260125-EJXH7', 2, 'Cuti', '2026-01-28', '2026-01-28', 'mu tkr shdt', NULL, 'Disetujui', '2026-01-25 03:07:33', '2026-01-27 06:13:51'),
(19, 'AMM-20260127-VT9JJ', 2, 'Cuti', '2026-01-31', '2026-02-06', 'qwert', NULL, 'Disetujui', '2026-01-27 06:17:10', '2026-01-27 06:17:38'),
(20, 'AMM-20260127-BLRMX', 2, 'Izin', '2026-01-27', '2026-01-29', 'kjhg', NULL, 'Ditolak', '2026-01-27 06:29:56', '2026-01-27 06:30:17'),
(21, 'AMM-20260127-E5MB8', 2, 'Izin', '2026-01-29', '2026-01-31', 'jkl', NULL, 'Disetujui', '2026-01-27 07:06:34', '2026-01-27 07:06:54'),
(22, 'AMM-20260127-WYBYK', 2, 'Izin', '2026-01-27', '2026-01-29', 'n', NULL, 'Ditolak', '2026-01-27 07:08:38', '2026-01-27 07:20:35'),
(23, 'AMM-20260127-PAYJJ', 2, 'Izin', '2026-01-27', '2026-01-28', 'qwerty', NULL, 'Disetujui', '2026-01-27 07:21:37', '2026-01-27 07:22:15'),
(24, 'AMM-20260127-IQAPB', 2, 'Izin', '2026-01-27', '2026-01-28', '3e45678', NULL, 'Disetujui', '2026-01-27 07:29:36', '2026-01-27 07:29:51'),
(25, 'AMM-20260127-WFC46', 2, 'Izin', '2026-01-28', '2026-01-31', 'ertyu', NULL, 'Disetujui', '2026-01-27 07:30:22', '2026-01-27 07:30:25'),
(26, 'AMM-20260127-DQWKJ', 2, 'Izin', '2026-01-28', '2026-01-31', 'adfdgf', NULL, 'Disetujui', '2026-01-27 07:33:35', '2026-01-27 07:33:38'),
(27, 'AMM-20260127-40RKC', 2, 'Izin', '2026-01-28', '2026-01-29', 'ko', NULL, 'Disetujui', '2026-01-27 07:34:36', '2026-01-27 07:34:38'),
(28, 'AMM-20260127-LVGPM', 2, 'Izin', '2026-01-28', '2026-01-31', '123456', NULL, 'Disetujui', '2026-01-27 07:35:18', '2026-01-27 07:35:20'),
(29, 'AMM-20260127-VLJSC', 2, 'Izin', '2026-01-28', '2026-01-31', 'qw34', NULL, 'Disetujui', '2026-01-27 07:37:10', '2026-01-27 07:37:12'),
(30, 'AMM-20260127-7LZT2', 2, 'Izin', '2026-02-04', '2026-02-07', '1234', NULL, 'Disetujui', '2026-01-27 07:40:37', '2026-01-27 07:41:04'),
(31, 'AMM-20260127-HKKWH', 2, 'Izin', '2026-02-04', '2026-02-07', '123456', NULL, 'Disetujui', '2026-01-27 07:41:33', '2026-01-27 07:41:35'),
(32, 'AMM-20260127-J30DQ', 2, 'Izin', '2026-01-29', '2026-01-31', '12345', NULL, 'Disetujui', '2026-01-27 07:46:07', '2026-01-27 07:47:48'),
(33, 'AMM-20260127-U5AP5', 5, 'Sakit', '2026-01-29', '2026-01-31', '`12345', NULL, 'Disetujui', '2026-01-27 07:48:10', '2026-01-27 07:49:23'),
(34, 'AMM-20260127-RFR4E', 5, 'Izin', '2026-01-29', '2026-01-31', 'sdfg', NULL, 'Disetujui', '2026-01-27 07:49:44', '2026-01-27 07:49:47'),
(35, 'AMM-20260127-OUMDJ', 2, 'Sakit', '2026-01-28', '2026-01-30', '1324', '1769525581_Screenshot 2026-01-26 201832.png', 'Disetujui', '2026-01-27 07:53:01', '2026-01-27 07:53:05'),
(36, 'AMM-20260127-MPOLB', 2, 'Sakit', '2026-01-28', '2026-01-31', 'l', NULL, 'Disetujui', '2026-01-27 07:53:30', '2026-01-27 07:53:32'),
(37, 'AMM-20260127-NXNYG', 5, 'Sakit', '2026-01-30', '2026-01-31', '12434', '1769525714_Screenshot 2026-01-26 201613.png', 'Disetujui', '2026-01-27 07:55:14', '2026-01-27 07:55:17'),
(38, 'AMM-20260127-UEZFZ', 2, 'Sakit', '2026-01-30', '2026-01-31', '213', NULL, 'Disetujui', '2026-01-27 07:55:38', '2026-01-27 07:55:41'),
(39, 'AMM-20260127-NOGBG', 2, 'Izin', '2026-01-28', '2026-01-31', '123', NULL, 'Disetujui', '2026-01-27 07:56:17', '2026-01-27 07:56:20'),
(40, 'AMM-20260127-ZIQNC', 2, 'Cuti', '2026-01-30', '2026-02-02', '1234', NULL, 'Disetujui', '2026-01-27 07:57:54', '2026-01-27 08:00:10'),
(41, 'AMM-20260127-N2VT9', 2, 'Cuti', '2026-01-31', '2026-02-05', 'asa', NULL, 'Ditolak', '2026-01-27 08:01:18', '2026-01-27 08:02:08'),
(42, 'AMM-20260127-GDMGI', 2, 'Cuti', '2026-01-30', '2026-01-31', '12', NULL, 'Disetujui', '2026-01-27 08:01:38', '2026-01-27 08:01:40'),
(43, 'AMM-20260127-G7Q02', 2, 'Sakit', '2026-01-29', '2026-01-31', 'dsd', NULL, 'Disetujui', '2026-01-27 08:02:01', '2026-01-27 08:02:14'),
(44, 'AMM-20260127-TDVEF', 2, 'Cuti', '2026-01-30', '2026-01-31', '212', NULL, 'Disetujui', '2026-01-27 08:02:33', '2026-01-27 08:02:36'),
(45, 'AMM-20260127-L3SHK', 2, 'Sakit', '2026-01-28', '2026-01-30', 'dgd', NULL, 'Disetujui', '2026-01-27 08:02:49', '2026-01-27 08:02:56'),
(46, 'AMM-20260127-U5ZHQ', 2, 'Izin', '2026-01-27', '2026-01-29', 'dsd', NULL, 'Disetujui', '2026-01-27 08:03:07', '2026-01-27 08:03:09'),
(47, 'AMM-20260128-VHQFX', 2, 'Izin', '2026-01-28', '2026-01-29', 'b', NULL, 'Disetujui', '2026-01-28 06:28:19', '2026-01-28 06:31:02'),
(48, 'AMM-20260128-0HROA', 2, 'Cuti', '2026-01-31', '2026-02-03', 'h', NULL, 'Disetujui', '2026-01-28 06:28:36', '2026-01-28 06:31:05'),
(49, 'AMM-20260128-V4INT', 2, 'Sakit', '2026-01-28', '2026-01-29', 'h', '1769606940_Screenshot 2026-01-24 213207.png', 'Disetujui', '2026-01-28 06:29:00', '2026-01-28 06:31:07'),
(50, 'AMM-20260128-OIGFJ', 2, 'Sakit', '2026-01-28', '2026-01-29', 'z', '1769607262_Screenshot 2026-01-24 201219.png', 'Ditolak', '2026-01-28 06:34:22', '2026-01-28 06:35:01'),
(51, 'AMM-20260128-TMULQ', 2, 'Cuti', '2026-01-31', '2026-02-03', 'a', NULL, 'Disetujui', '2026-01-28 06:34:32', '2026-01-28 06:35:03');

-- --------------------------------------------------------

--
-- Struktur dari tabel `sessions`
--

CREATE TABLE `sessions` (
  `id` varchar(255) NOT NULL,
  `user_id` bigint(20) UNSIGNED DEFAULT NULL,
  `ip_address` varchar(45) DEFAULT NULL,
  `user_agent` text DEFAULT NULL,
  `payload` longtext NOT NULL,
  `last_activity` int(11) NOT NULL
) ENGINE=InnoDB DEFAULT CHARSET=utf8mb4 COLLATE=utf8mb4_unicode_ci;

--
-- Dumping data untuk tabel `sessions`
--

INSERT INTO `sessions` (`id`, `user_id`, `ip_address`, `user_agent`, `payload`, `last_activity`) VALUES
('CrWfnAaYBN09BFWBX4RG784gnU7nuB1NG3WFoZf9', NULL, '127.0.0.1', 'Mozilla/5.0 (Windows NT 10.0; Win64; x64) AppleWebKit/537.36 (KHTML, like Gecko) Chrome/144.0.0.0 Safari/537.36', 'YToyOntzOjY6Il90b2tlbiI7czo0MDoiWjdKU0VzcTNGQjZsUG1CZHZDQ3BrRTRQSFR2THRPYnpTUFp4dWlWSSI7czo2OiJfZmxhc2giO2E6Mjp7czozOiJvbGQiO2E6MDp7fXM6MzoibmV3IjthOjA6e319fQ==', 1769433895),
('e6udpv8eqmomO3XTjmOLNP0oiVBLJAOm7c1uNE7e', NULL, '127.0.0.1', 'Mozilla/5.0 (Windows NT 10.0; Win64; x64) AppleWebKit/537.36 (KHTML, like Gecko) Chrome/144.0.0.0 Safari/537.36', 'YTozOntzOjY6Il90b2tlbiI7czo0MDoiSWtXWG5HUE1Wb3NQZlZ1eGVKUGdYakxaZGNXNVFYWlh6WDh6WkhHWiI7czo2OiJfZmxhc2giO2E6Mjp7czozOiJvbGQiO2E6MDp7fXM6MzoibmV3IjthOjA6e319czo5OiJfcHJldmlvdXMiO2E6Mjp7czozOiJ1cmwiO3M6MjE6Imh0dHA6Ly8xMjcuMC4wLjE6ODAwMCI7czo1OiJyb3V0ZSI7Tjt9fQ==', 1769676212),
('ewW56wV8WT4WuTY9gBec97XI5gD7pf9PeIckaXuD', 1, '192.168.110.154', 'Mozilla/5.0 (Windows NT 10.0; Win64; x64) AppleWebKit/537.36 (KHTML, like Gecko) Chrome/143.0.0.0 Safari/537.36', 'YTo0OntzOjY6Il90b2tlbiI7czo0MDoiR2RVWWQwdG5EQ3RuT2t3ck83ejRGVG9YZGh2VUhYQnRjaHVlbERtQSI7czo5OiJfcHJldmlvdXMiO2E6Mjp7czozOiJ1cmwiO3M6Mzc6Imh0dHA6Ly8xOTIuMTY4LjExMC4xNTQ6ODAwMC9wZW5nYWp1YW4iO3M6NToicm91dGUiO3M6OToicGVuZ2FqdWFuIjt9czo2OiJfZmxhc2giO2E6Mjp7czozOiJvbGQiO2E6MDp7fXM6MzoibmV3IjthOjA6e319czo1MDoibG9naW5fd2ViXzU5YmEzNmFkZGMyYjJmOTQwMTU4MGYwMTRjN2Y1OGVhNGUzMDk4OWQiO2k6MTt9', 1768821590),
('nOvvhkU52c3B4Z2yJRs0cxXFWANxGS0X3KttFo7r', 2, '127.0.0.1', 'Mozilla/5.0 (Windows NT 10.0; Win64; x64) AppleWebKit/537.36 (KHTML, like Gecko) Chrome/144.0.0.0 Safari/537.36', 'YTo0OntzOjY6Il90b2tlbiI7czo0MDoia3k1T1liTHJtc0lSZXp3OFlxNTY5cGxvNVlPOUtXdDlFYnEzdktVMyI7czo2OiJfZmxhc2giO2E6Mjp7czozOiJvbGQiO2E6MDp7fXM6MzoibmV3IjthOjA6e319czo5OiJfcHJldmlvdXMiO2E6Mjp7czozOiJ1cmwiO3M6MzQ0OiJodHRwOi8vMTI3LjAuMC4xOjgwMDAvYXV0aC9nb29nbGUvY2FsbGJhY2s/YXV0aHVzZXI9MCZjb2RlPTQlMkYwQVNjM2dDMHhXRlBMdDZwRzRiN0FGQnQzbmhWYk9tVDdobFlHRjFDTGhhUExoV3lPeUxFRWJzSmRsVTM3NzlGTjFNTndaZyZwcm9tcHQ9bm9uZSZzY29wZT1lbWFpbCUyMHByb2ZpbGUlMjBodHRwcyUzQSUyRiUyRnd3dy5nb29nbGVhcGlzLmNvbSUyRmF1dGglMkZ1c2VyaW5mby5wcm9maWxlJTIwaHR0cHMlM0ElMkYlMkZ3d3cuZ29vZ2xlYXBpcy5jb20lMkZhdXRoJTJGdXNlcmluZm8uZW1haWwlMjBvcGVuaWQmc3RhdGU9R2dISExmZDV2S2dGRmw4dDVLZTRUY1JrNVF5SUFaZk9hbmxvMjhCeCI7czo1OiJyb3V0ZSI7Tjt9czo1MDoibG9naW5fd2ViXzU5YmEzNmFkZGMyYjJmOTQwMTU4MGYwMTRjN2Y1OGVhNGUzMDk4OWQiO2k6Mjt9', 1769264441),
('qR0ptQNJczb6lStOlSQ0VXTiUqMiEKjkoXWIK3Tw', NULL, '127.0.0.1', 'Mozilla/5.0 (Windows NT 10.0; Win64; x64) AppleWebKit/537.36 (KHTML, like Gecko) Chrome/143.0.0.0 Safari/537.36', 'YToyOntzOjY6Il90b2tlbiI7czo0MDoiNEZCdXphc01kSW5iSXpEVmtvMjUxWXJneWNGbjhrY2dkZzFoR1dDdCI7czo2OiJfZmxhc2giO2E6Mjp7czozOiJvbGQiO2E6MDp7fXM6MzoibmV3IjthOjA6e319fQ==', 1768908829);

-- --------------------------------------------------------

--
-- Struktur dari tabel `shifts`
--

CREATE TABLE `shifts` (
  `id` bigint(20) UNSIGNED NOT NULL,
  `nama_shift` varchar(255) NOT NULL,
  `jam_masuk` time NOT NULL,
  `jam_pulang` time NOT NULL,
  `created_at` timestamp NULL DEFAULT NULL,
  `updated_at` timestamp NULL DEFAULT NULL
) ENGINE=InnoDB DEFAULT CHARSET=utf8mb4 COLLATE=utf8mb4_unicode_ci;

--
-- Dumping data untuk tabel `shifts`
--

INSERT INTO `shifts` (`id`, `nama_shift`, `jam_masuk`, `jam_pulang`, `created_at`, `updated_at`) VALUES
(1, 'Pagi', '07:00:00', '14:00:00', '2026-01-10 11:53:53', '2026-01-10 11:53:53'),
(2, 'Siang', '14:00:00', '21:00:00', '2026-01-10 11:53:53', '2026-01-10 11:53:53'),
(3, 'Malam', '21:00:00', '07:00:00', '2026-01-10 11:53:53', '2026-01-10 11:53:53'),
(4, 'Non-Shift', '08:00:00', '16:00:00', '2026-01-10 11:53:53', '2026-01-10 11:53:53'),
(5, 'Middle', '11:00:00', '18:00:00', '2026-01-24 06:32:47', '2026-01-24 06:32:47'),
(6, 'Libur', '00:00:00', '00:00:00', '2026-01-24 06:32:47', '2026-01-24 06:32:47');

-- --------------------------------------------------------

--
-- Struktur dari tabel `units`
--

CREATE TABLE `units` (
  `id` bigint(20) UNSIGNED NOT NULL,
  `kode_unit` varchar(255) NOT NULL,
  `nama_unit` varchar(255) NOT NULL,
  `created_at` timestamp NULL DEFAULT NULL,
  `updated_at` timestamp NULL DEFAULT NULL
) ENGINE=InnoDB DEFAULT CHARSET=utf8mb4 COLLATE=utf8mb4_unicode_ci;

--
-- Dumping data untuk tabel `units`
--

INSERT INTO `units` (`id`, `kode_unit`, `nama_unit`, `created_at`, `updated_at`) VALUES
(1, 'DIR', 'Direktur', '2026-01-21 01:27:12', '2026-01-21 01:27:12'),
(2, 'RWN', 'Instalasi Rawat Inap', '2026-01-21 01:27:12', '2026-01-21 01:27:12'),
(3, 'RWJ', 'Instalasi Rawat Jalan', '2026-01-21 01:27:12', '2026-01-21 01:27:12'),
(4, 'IGD', 'Instalasi Gawat Darurat', '2026-01-21 01:27:12', '2026-01-21 01:27:12'),
(5, 'MPM', 'Manajemen Pelayanan Medis', '2026-01-21 01:27:12', '2026-01-21 01:27:12'),
(6, 'VK', 'Kamar Bersalin', '2026-01-21 01:27:12', '2026-01-21 01:27:12'),
(7, 'OK', 'Kamar Operasi', '2026-01-21 01:27:12', '2026-01-21 01:27:12'),
(8, 'ICU', 'Intensive Care Unit', '2026-01-21 01:27:12', '2026-01-21 01:27:12'),
(9, 'NICU', 'Neonatus Intensive Care Unit', '2026-01-21 01:27:12', '2026-01-21 01:27:12'),
(10, 'LAB', 'Laboratorium', '2026-01-21 01:27:12', '2026-01-21 01:27:12'),
(11, 'RAD', 'Radiologi', '2026-01-21 01:27:12', '2026-01-21 01:27:12'),
(12, 'RM', 'Rekam Medis', '2026-01-21 01:27:12', '2026-01-21 01:27:12'),
(13, 'FAR', 'Instalasi Farmasi', '2026-01-21 01:27:12', '2026-01-21 01:27:12'),
(14, 'GZ', 'Gizi', '2026-01-21 01:27:12', '2026-01-21 01:27:12'),
(15, 'IT', 'Information Technology', '2026-01-21 01:27:12', '2026-01-21 01:27:12'),
(16, 'KSR', 'Kasir', '2026-01-21 01:27:12', '2026-01-21 01:27:12'),
(17, 'CSSD', 'CSSD', '2026-01-21 01:27:12', '2026-01-21 01:27:12'),
(18, 'LND', 'Laundry', '2026-01-21 01:27:12', '2026-01-21 01:27:12');

-- --------------------------------------------------------

--
-- Struktur dari tabel `unit_user`
--

CREATE TABLE `unit_user` (
  `id` bigint(20) UNSIGNED NOT NULL,
  `user_id` bigint(20) UNSIGNED NOT NULL,
  `unit_id` bigint(20) UNSIGNED NOT NULL,
  `created_at` timestamp NULL DEFAULT NULL,
  `updated_at` timestamp NULL DEFAULT NULL
) ENGINE=InnoDB DEFAULT CHARSET=utf8mb4 COLLATE=utf8mb4_unicode_ci;

--
-- Dumping data untuk tabel `unit_user`
--

INSERT INTO `unit_user` (`id`, `user_id`, `unit_id`, `created_at`, `updated_at`) VALUES
(1, 5, 1, NULL, NULL),
(2, 5, 3, NULL, NULL),
(3, 4, 15, NULL, NULL),
(4, 4, 9, NULL, NULL),
(5, 2, 1, NULL, NULL),
(6, 3, 3, NULL, NULL),
(7, 3, 4, NULL, NULL),
(8, 3, 5, NULL, NULL),
(9, 3, 7, NULL, NULL),
(10, 3, 9, NULL, NULL),
(11, 3, 10, NULL, NULL),
(12, 4, 16, NULL, NULL),
(15, 4, 12, NULL, NULL);

-- --------------------------------------------------------

--
-- Struktur dari tabel `users`
--

CREATE TABLE `users` (
  `id` bigint(20) UNSIGNED NOT NULL,
  `name` varchar(255) NOT NULL,
  `email` varchar(255) NOT NULL,
  `jabatan_id` bigint(20) UNSIGNED DEFAULT NULL,
  `kuota_cuti` int(11) DEFAULT 0,
  `email_verified_at` timestamp NULL DEFAULT NULL,
  `foto` varchar(255) DEFAULT 'default.jpg',
  `password` varchar(255) NOT NULL,
  `nik` varchar(255) DEFAULT NULL,
  `nopeg` varchar(255) DEFAULT NULL,
  `gender` enum('Laki-laki','Perempuan') DEFAULT NULL,
  `is_admin` tinyint(1) NOT NULL DEFAULT 0,
  `status` varchar(255) NOT NULL DEFAULT 'active',
  `delete_requested_at` timestamp NULL DEFAULT NULL,
  `remember_token` varchar(100) DEFAULT NULL,
  `created_at` timestamp NULL DEFAULT NULL,
  `updated_at` timestamp NULL DEFAULT NULL,
  `notif_pengingat` tinyint(1) NOT NULL DEFAULT 1,
  `notif_status_pengajuan` tinyint(1) NOT NULL DEFAULT 1,
  `track_lokasi` tinyint(1) NOT NULL DEFAULT 1
) ENGINE=InnoDB DEFAULT CHARSET=utf8mb4 COLLATE=utf8mb4_unicode_ci;

--
-- Dumping data untuk tabel `users`
--

INSERT INTO `users` (`id`, `name`, `email`, `jabatan_id`, `kuota_cuti`, `email_verified_at`, `foto`, `password`, `nik`, `nopeg`, `gender`, `is_admin`, `status`, `delete_requested_at`, `remember_token`, `created_at`, `updated_at`, `notif_pengingat`, `notif_status_pengajuan`, `track_lokasi`) VALUES
(1, 'Admin RSU Anna Medika', 'admin@gmail.com', NULL, 0, NULL, '1768745018_admin.png', '$2y$12$j5kMJFYv2zYqXJD9qX0OfuMC6XeUV6dG8lgnzD3rn8XzuqOFuPTQG', '12345678', NULL, NULL, 1, 'active', NULL, 'tMq8rpT6G8xWWqhroXpxk7RxJ2kE5bWmrpw8kIpGzI2kTGATwMt1Df9osIAU', '2026-01-10 11:53:54', '2026-01-18 07:03:38', 1, 1, 1),
(2, 'Abdul Malik A', 'malikdark17@gmail.com', 1, 11, '2026-01-10 11:57:51', '1768744768_Jay Jo _ for desktop.jpeg', '$2y$12$OqIEGeLvB3KXUns6DheVjuetM88KifYgDzwUJwrwfW12JgyE.RXXO', '11112222', '123456789', 'Laki-laki', 0, 'active', NULL, 'bMbKErHuekYkld2eC4ONxd5sg8uKotcaSvarRtZC3dSzIlzKxFdvl3vcjfUc', '2026-01-10 11:53:54', '2026-01-29 01:43:03', 1, 1, 1),
(3, 'Irna Khalda', 'irnakhalda@gmail.com', 3, 15, NULL, 'default.jpg', '$2y$12$xNRtjV0GYhq.8NzYNEa45.d9SxuhXj1zhIP7YZfQwKlXkZQeukw5C', '33334444', NULL, NULL, 0, 'active', NULL, NULL, '2026-01-10 11:53:54', '2026-01-28 06:34:08', 1, 1, 1),
(4, 'ali', 'ali@gmail.com', 7, 15, NULL, '1768819091_Screenshot (53).png', '$2y$12$0oHzUoSdeav9VwmldjFaNON6KzzeOqbt8NV0G6Ic5n7LOYpPaWATW', '33334444890', '1234555', 'Laki-laki', 0, 'active', NULL, NULL, '2026-01-19 03:37:59', '2026-01-29 01:35:14', 1, 1, 1),
(5, 'anjar', 'anjar@gmail.com', 2, 15, NULL, '1768821198_Screenshot 2025-11-24 100953.png', '$2y$12$u/nGZZ3jWmUxvs/IFRiZT.Q7fUn6dB.DDSG0Ed6RPLmUoNU1A9Phy', '123456666', '098765432', 'Perempuan', 0, 'active', NULL, NULL, '2026-01-19 04:13:18', '2026-01-28 06:34:08', 1, 1, 1),
(10, 'beliz', 'khaijanuari2@gmail.com', NULL, 0, NULL, 'default.jpg', '$2y$12$mT7o0YX/O3uPRhwdQYwTkuctUhMLQBPOgon4PqzVRps3K1pO5E5ii', '111122229319', NULL, NULL, 0, 'active', NULL, 'P0b4nnKVzjgBdC89sjJCxwkOp0EJzwoxxAWLVzIYiBZ4954OOewR6e7pGj99', '2026-01-29 01:40:28', '2026-01-29 01:40:28', 1, 1, 1);

--
-- Indexes for dumped tables
--

--
-- Indeks untuk tabel `cache`
--
ALTER TABLE `cache`
  ADD PRIMARY KEY (`key`);

--
-- Indeks untuk tabel `cache_locks`
--
ALTER TABLE `cache_locks`
  ADD PRIMARY KEY (`key`);

--
-- Indeks untuk tabel `failed_jobs`
--
ALTER TABLE `failed_jobs`
  ADD PRIMARY KEY (`id`),
  ADD UNIQUE KEY `failed_jobs_uuid_unique` (`uuid`);

--
-- Indeks untuk tabel `jabatans`
--
ALTER TABLE `jabatans`
  ADD PRIMARY KEY (`id`),
  ADD UNIQUE KEY `jabatans_nama_jabatan_unique` (`nama_jabatan`);

--
-- Indeks untuk tabel `jadwals`
--
ALTER TABLE `jadwals`
  ADD PRIMARY KEY (`id`),
  ADD UNIQUE KEY `jadwals_user_id_tanggal_unique` (`user_id`,`tanggal`),
  ADD KEY `jadwals_shift_id_foreign` (`shift_id`),
  ADD KEY `jadwals_tanggal_index` (`tanggal`);

--
-- Indeks untuk tabel `jobs`
--
ALTER TABLE `jobs`
  ADD PRIMARY KEY (`id`),
  ADD KEY `jobs_queue_index` (`queue`);

--
-- Indeks untuk tabel `job_batches`
--
ALTER TABLE `job_batches`
  ADD PRIMARY KEY (`id`);

--
-- Indeks untuk tabel `kehadirans`
--
ALTER TABLE `kehadirans`
  ADD PRIMARY KEY (`id`),
  ADD KEY `kehadirans_user_id_foreign` (`user_id`),
  ADD KEY `kehadirans_shift_id_foreign` (`shift_id`);

--
-- Indeks untuk tabel `migrations`
--
ALTER TABLE `migrations`
  ADD PRIMARY KEY (`id`);

--
-- Indeks untuk tabel `notifications`
--
ALTER TABLE `notifications`
  ADD PRIMARY KEY (`id`),
  ADD KEY `notifications_notifiable_type_notifiable_id_index` (`notifiable_type`,`notifiable_id`);

--
-- Indeks untuk tabel `password_reset_tokens`
--
ALTER TABLE `password_reset_tokens`
  ADD PRIMARY KEY (`email`);

--
-- Indeks untuk tabel `pengajuans`
--
ALTER TABLE `pengajuans`
  ADD PRIMARY KEY (`id`),
  ADD UNIQUE KEY `kode_pengajuan` (`kode_pengajuan`),
  ADD KEY `pengajuans_user_id_foreign` (`user_id`);

--
-- Indeks untuk tabel `sessions`
--
ALTER TABLE `sessions`
  ADD PRIMARY KEY (`id`),
  ADD KEY `sessions_user_id_index` (`user_id`),
  ADD KEY `sessions_last_activity_index` (`last_activity`);

--
-- Indeks untuk tabel `shifts`
--
ALTER TABLE `shifts`
  ADD PRIMARY KEY (`id`);

--
-- Indeks untuk tabel `units`
--
ALTER TABLE `units`
  ADD PRIMARY KEY (`id`),
  ADD UNIQUE KEY `units_kode_unit_unique` (`kode_unit`);

--
-- Indeks untuk tabel `unit_user`
--
ALTER TABLE `unit_user`
  ADD PRIMARY KEY (`id`),
  ADD KEY `unit_user_user_id_foreign` (`user_id`),
  ADD KEY `unit_user_unit_id_foreign` (`unit_id`);

--
-- Indeks untuk tabel `users`
--
ALTER TABLE `users`
  ADD PRIMARY KEY (`id`),
  ADD UNIQUE KEY `users_nopeg_unique` (`nopeg`),
  ADD KEY `users_jabatan_id_foreign` (`jabatan_id`);

--
-- AUTO_INCREMENT untuk tabel yang dibuang
--

--
-- AUTO_INCREMENT untuk tabel `failed_jobs`
--
ALTER TABLE `failed_jobs`
  MODIFY `id` bigint(20) UNSIGNED NOT NULL AUTO_INCREMENT;

--
-- AUTO_INCREMENT untuk tabel `jabatans`
--
ALTER TABLE `jabatans`
  MODIFY `id` bigint(20) UNSIGNED NOT NULL AUTO_INCREMENT, AUTO_INCREMENT=54;

--
-- AUTO_INCREMENT untuk tabel `jadwals`
--
ALTER TABLE `jadwals`
  MODIFY `id` bigint(20) UNSIGNED NOT NULL AUTO_INCREMENT, AUTO_INCREMENT=352;

--
-- AUTO_INCREMENT untuk tabel `jobs`
--
ALTER TABLE `jobs`
  MODIFY `id` bigint(20) UNSIGNED NOT NULL AUTO_INCREMENT;

--
-- AUTO_INCREMENT untuk tabel `kehadirans`
--
ALTER TABLE `kehadirans`
  MODIFY `id` bigint(20) UNSIGNED NOT NULL AUTO_INCREMENT, AUTO_INCREMENT=102;

--
-- AUTO_INCREMENT untuk tabel `migrations`
--
ALTER TABLE `migrations`
  MODIFY `id` int(10) UNSIGNED NOT NULL AUTO_INCREMENT, AUTO_INCREMENT=21;

--
-- AUTO_INCREMENT untuk tabel `pengajuans`
--
ALTER TABLE `pengajuans`
  MODIFY `id` bigint(20) UNSIGNED NOT NULL AUTO_INCREMENT, AUTO_INCREMENT=53;

--
-- AUTO_INCREMENT untuk tabel `shifts`
--
ALTER TABLE `shifts`
  MODIFY `id` bigint(20) UNSIGNED NOT NULL AUTO_INCREMENT, AUTO_INCREMENT=7;

--
-- AUTO_INCREMENT untuk tabel `units`
--
ALTER TABLE `units`
  MODIFY `id` bigint(20) UNSIGNED NOT NULL AUTO_INCREMENT, AUTO_INCREMENT=20;

--
-- AUTO_INCREMENT untuk tabel `unit_user`
--
ALTER TABLE `unit_user`
  MODIFY `id` bigint(20) UNSIGNED NOT NULL AUTO_INCREMENT, AUTO_INCREMENT=23;

--
-- AUTO_INCREMENT untuk tabel `users`
--
ALTER TABLE `users`
  MODIFY `id` bigint(20) UNSIGNED NOT NULL AUTO_INCREMENT, AUTO_INCREMENT=11;

--
-- Ketidakleluasaan untuk tabel pelimpahan (Dumped Tables)
--

--
-- Ketidakleluasaan untuk tabel `jadwals`
--
ALTER TABLE `jadwals`
  ADD CONSTRAINT `jadwals_shift_id_foreign` FOREIGN KEY (`shift_id`) REFERENCES `shifts` (`id`),
  ADD CONSTRAINT `jadwals_user_id_foreign` FOREIGN KEY (`user_id`) REFERENCES `users` (`id`) ON DELETE CASCADE;

--
-- Ketidakleluasaan untuk tabel `kehadirans`
--
ALTER TABLE `kehadirans`
  ADD CONSTRAINT `kehadirans_shift_id_foreign` FOREIGN KEY (`shift_id`) REFERENCES `shifts` (`id`),
  ADD CONSTRAINT `kehadirans_user_id_foreign` FOREIGN KEY (`user_id`) REFERENCES `users` (`id`) ON DELETE CASCADE;

--
-- Ketidakleluasaan untuk tabel `pengajuans`
--
ALTER TABLE `pengajuans`
  ADD CONSTRAINT `pengajuans_user_id_foreign` FOREIGN KEY (`user_id`) REFERENCES `users` (`id`) ON DELETE CASCADE;

--
-- Ketidakleluasaan untuk tabel `unit_user`
--
ALTER TABLE `unit_user`
  ADD CONSTRAINT `unit_user_unit_id_foreign` FOREIGN KEY (`unit_id`) REFERENCES `units` (`id`) ON DELETE CASCADE,
  ADD CONSTRAINT `unit_user_user_id_foreign` FOREIGN KEY (`user_id`) REFERENCES `users` (`id`) ON DELETE CASCADE;

--
-- Ketidakleluasaan untuk tabel `users`
--
ALTER TABLE `users`
  ADD CONSTRAINT `users_jabatan_id_foreign` FOREIGN KEY (`jabatan_id`) REFERENCES `jabatans` (`id`) ON DELETE SET NULL;
COMMIT;

/*!40101 SET CHARACTER_SET_CLIENT=@OLD_CHARACTER_SET_CLIENT */;
/*!40101 SET CHARACTER_SET_RESULTS=@OLD_CHARACTER_SET_RESULTS */;
/*!40101 SET COLLATION_CONNECTION=@OLD_COLLATION_CONNECTION */;
